Day,Month,Year,HRUID,GIS_ID,HRU,Area(km2),lateral_flow(m3),surface_runoff(m3),ET(m3)
31,1,1992,1,1,hru01           ,.186E+04,.00,.620E+05,.116E+09
31,1,1992,2,2,hru02           ,.215E+04,.486E+06,.559E+07,.171E+09
31,1,1992,3,3,hru03           ,968.,.827E+05,.108E+07,.710E+08
31,1,1992,4,4,hru04           ,905.,.108E+04,.209E+06,.655E+08
31,1,1992,5,5,hru05           ,.209E+04,.831E+06,63.7,.101E+09
31,1,1992,6,6,hru06           ,536.,.315E+06,16.6,.219E+08
31,1,1992,7,7,hru07           ,619.,.333E+05,.213E+07,.590E+08
31,1,1992,8,8,hru08           ,615.,.273E+06,18.7,.297E+08
31,1,1992,9,9,hru09           ,719.,.159E+06,21.8,.569E+08
31,1,1992,10,10,hru10           ,414.,.222E+06,.618E+06,.329E+08
31,1,1992,11,11,hru11           ,79.8,680.,.114E+06,.639E+07
31,1,1992,12,12,hru12           ,132.,.743E+04,.209E+06,.105E+08
31,1,1992,13,13,hru13           ,35.1,.846E+04,1.08,.221E+07
29,2,1992,1,1,hru01           ,.186E+04,.00,53.8,.515E+08
29,2,1992,2,2,hru02           ,.215E+04,.273E+05,62.4,.102E+09
29,2,1992,3,3,hru03           ,968.,.372E+04,.100E+05,.339E+08
29,2,1992,4,4,hru04           ,905.,66.9,26.2,.262E+08
29,2,1992,5,5,hru05           ,.209E+04,.442E+05,59.6,.188E+09
29,2,1992,6,6,hru06           ,536.,.914E+05,15.5,.359E+08
29,2,1992,7,7,hru07           ,619.,.170E+04,.402E+05,.324E+08
29,2,1992,8,8,hru08           ,615.,.145E+05,17.5,.552E+08
29,2,1992,9,9,hru09           ,719.,.713E+04,20.4,.205E+08
29,2,1992,10,10,hru10           ,414.,.132E+05,12.0,.993E+07
29,2,1992,11,11,hru11           ,79.8,44.0,2.23,.192E+07
29,2,1992,12,12,hru12           ,132.,395.,3.80,.328E+07
29,2,1992,13,13,hru13           ,35.1,549.,1.01,.762E+06
31,3,1992,1,1,hru01           ,.186E+04,.111E+06,.796E+07,.184E+09
31,3,1992,2,2,hru02           ,.215E+04,.113E+06,.625E+06,.192E+09
31,3,1992,3,3,hru03           ,968.,.258E+05,.270E+07,.714E+08
31,3,1992,4,4,hru04           ,905.,.280E+05,.121E+07,.473E+08
31,3,1992,5,5,hru05           ,.209E+04,.566E+06,63.7,.100E+09
31,3,1992,6,6,hru06           ,536.,.232E+06,16.6,.131E+08
31,3,1992,7,7,hru07           ,619.,.120E+05,.160E+07,.343E+08
31,3,1992,8,8,hru08           ,615.,.186E+06,18.7,.294E+08
31,3,1992,9,9,hru09           ,719.,.00,21.8,.460E+08
31,3,1992,10,10,hru10           ,414.,.207E+06,.852E+06,.145E+08
31,3,1992,11,11,hru11           ,79.8,650.,.155E+06,.280E+07
31,3,1992,12,12,hru12           ,132.,.684E+04,.296E+06,.463E+07
31,3,1992,13,13,hru13           ,35.1,.00,1.08,.176E+07
30,4,1992,1,1,hru01           ,.186E+04,.155E+05,.405E+07,.500E+08
30,4,1992,2,2,hru02           ,.215E+04,.159E+05,.228E+07,.413E+08
30,4,1992,3,3,hru03           ,968.,.115E+04,29.0,.210E+08
30,4,1992,4,4,hru04           ,905.,.392E+04,27.1,.415E+08
30,4,1992,5,5,hru05           ,.209E+04,.726E+05,61.6,.128E+09
30,4,1992,6,6,hru06           ,536.,.325E+05,16.0,.287E+08
30,4,1992,7,7,hru07           ,619.,.167E+04,18.6,.252E+08
30,4,1992,8,8,hru08           ,615.,.239E+05,18.1,.376E+08
30,4,1992,9,9,hru09           ,719.,.00,21.1,.107E+08
30,4,1992,10,10,hru10           ,414.,.290E+05,12.4,.117E+08
30,4,1992,11,11,hru11           ,79.8,90.8,2.31,.232E+07
30,4,1992,12,12,hru12           ,132.,956.,3.94,.380E+07
30,4,1992,13,13,hru13           ,35.1,.00,1.05,.459E+06
31,5,1992,1,1,hru01           ,.186E+04,.00,57.5,.675E+08
31,5,1992,2,2,hru02           ,.215E+04,.00,940.,.783E+08
31,5,1992,3,3,hru03           ,968.,.00,30.0,.122E+08
31,5,1992,4,4,hru04           ,905.,.00,28.0,.837E+07
31,5,1992,5,5,hru05           ,.209E+04,.00,63.7,.759E+08
31,5,1992,6,6,hru06           ,536.,.00,16.6,.621E+07
31,5,1992,7,7,hru07           ,619.,.00,19.2,.767E+07
31,5,1992,8,8,hru08           ,615.,.00,18.7,.223E+08
31,5,1992,9,9,hru09           ,719.,.00,21.8,.915E+07
31,5,1992,10,10,hru10           ,414.,.00,12.8,.761E+07
31,5,1992,11,11,hru11           ,79.8,.00,2.38,.147E+07
31,5,1992,12,12,hru12           ,132.,.00,4.07,.243E+07
31,5,1992,13,13,hru13           ,35.1,.00,1.08,.695E+05
30,6,1992,1,1,hru01           ,.186E+04,.00,55.6,159.
30,6,1992,2,2,hru02           ,.215E+04,.00,64.6,185.
30,6,1992,3,3,hru03           ,968.,.00,29.0,.00
30,6,1992,4,4,hru04           ,905.,.00,27.1,.00
30,6,1992,5,5,hru05           ,.209E+04,.00,61.6,.182E+07
30,6,1992,6,6,hru06           ,536.,.00,16.0,48.9
30,6,1992,7,7,hru07           ,619.,.00,18.6,.00
30,6,1992,8,8,hru08           ,615.,.00,18.1,.534E+06
30,6,1992,9,9,hru09           ,719.,.00,21.1,65.6
30,6,1992,10,10,hru10           ,414.,.00,12.4,35.5
30,6,1992,11,11,hru11           ,79.8,.00,2.31,6.85
30,6,1992,12,12,hru12           ,132.,.00,3.94,11.3
30,6,1992,13,13,hru13           ,35.1,.00,1.05,3.20
31,7,1992,1,1,hru01           ,.186E+04,.00,57.5,165.
31,7,1992,2,2,hru02           ,.215E+04,.00,66.7,142.
31,7,1992,3,3,hru03           ,968.,.00,30.0,.00
31,7,1992,4,4,hru04           ,905.,.00,28.0,.00
31,7,1992,5,5,hru05           ,.209E+04,.00,63.7,197.
31,7,1992,6,6,hru06           ,536.,.00,16.6,50.5
31,7,1992,7,7,hru07           ,619.,.00,19.2,.00
31,7,1992,8,8,hru08           ,615.,.00,18.7,57.9
31,7,1992,9,9,hru09           ,719.,.00,21.8,67.7
31,7,1992,10,10,hru10           ,414.,.00,12.8,36.7
31,7,1992,11,11,hru11           ,79.8,.00,2.38,7.08
31,7,1992,12,12,hru12           ,132.,.00,4.07,11.7
31,7,1992,13,13,hru13           ,35.1,.00,1.08,3.31
31,8,1992,1,1,hru01           ,.186E+04,.00,57.5,165.
31,8,1992,2,2,hru02           ,.215E+04,.00,66.7,.00
31,8,1992,3,3,hru03           ,968.,.00,30.0,.00
31,8,1992,4,4,hru04           ,905.,.00,28.0,.00
31,8,1992,5,5,hru05           ,.209E+04,.00,63.7,197.
31,8,1992,6,6,hru06           ,536.,.00,16.6,50.3
31,8,1992,7,7,hru07           ,619.,.00,19.2,.00
31,8,1992,8,8,hru08           ,615.,.00,18.7,57.7
31,8,1992,9,9,hru09           ,719.,.00,21.8,67.7
31,8,1992,10,10,hru10           ,414.,.00,12.8,36.7
31,8,1992,11,11,hru11           ,79.8,.00,2.38,7.08
31,8,1992,12,12,hru12           ,132.,.00,4.07,11.7
31,8,1992,13,13,hru13           ,35.1,.00,1.08,3.31
30,9,1992,1,1,hru01           ,.186E+04,.00,55.6,21.2
30,9,1992,2,2,hru02           ,.215E+04,.00,64.6,.455E+07
30,9,1992,3,3,hru03           ,968.,.00,29.0,.206E+07
30,9,1992,4,4,hru04           ,905.,.00,27.1,.457E+07
30,9,1992,5,5,hru05           ,.209E+04,.00,61.6,.442E+07
30,9,1992,6,6,hru06           ,536.,.00,16.0,.816E+06
30,9,1992,7,7,hru07           ,619.,.00,18.6,.00
30,9,1992,8,8,hru08           ,615.,.00,18.1,.130E+07
30,9,1992,9,9,hru09           ,719.,.00,21.1,.183E+07
30,9,1992,10,10,hru10           ,414.,.00,12.4,28.4
30,9,1992,11,11,hru11           ,79.8,.00,2.31,5.48
30,9,1992,12,12,hru12           ,132.,.00,3.94,9.07
30,9,1992,13,13,hru13           ,35.1,.00,1.05,.488E+05
31,10,1992,1,1,hru01           ,.186E+04,.00,57.5,.139E+08
31,10,1992,2,2,hru02           ,.215E+04,.00,66.7,.265E+08
31,10,1992,3,3,hru03           ,968.,.00,30.0,.155E+08
31,10,1992,4,4,hru04           ,905.,.00,28.0,.145E+08
31,10,1992,5,5,hru05           ,.209E+04,.00,63.7,.257E+08
31,10,1992,6,6,hru06           ,536.,.00,16.6,.794E+07
31,10,1992,7,7,hru07           ,619.,.00,19.2,.128E+08
31,10,1992,8,8,hru08           ,615.,.00,18.7,.756E+07
31,10,1992,9,9,hru09           ,719.,.00,21.8,.129E+08
31,10,1992,10,10,hru10           ,414.,.00,12.8,.596E+07
31,10,1992,11,11,hru11           ,79.8,.00,2.38,.115E+07
31,10,1992,12,12,hru12           ,132.,.00,4.07,.190E+07
31,10,1992,13,13,hru13           ,35.1,.00,1.08,.800E+06
30,11,1992,1,1,hru01           ,.186E+04,.00,55.6,.166E+09
30,11,1992,2,2,hru02           ,.215E+04,.00,64.6,.240E+09
30,11,1992,3,3,hru03           ,968.,.00,29.0,.110E+09
30,11,1992,4,4,hru04           ,905.,.00,27.1,.904E+08
30,11,1992,5,5,hru05           ,.209E+04,.00,61.6,.197E+09
30,11,1992,6,6,hru06           ,536.,.00,16.0,.393E+08
30,11,1992,7,7,hru07           ,619.,.00,18.6,.535E+08
30,11,1992,8,8,hru08           ,615.,.00,18.1,.578E+08
30,11,1992,9,9,hru09           ,719.,.00,21.1,.814E+08
30,11,1992,10,10,hru10           ,414.,.00,12.4,.324E+08
30,11,1992,11,11,hru11           ,79.8,.00,2.31,.625E+07
30,11,1992,12,12,hru12           ,132.,.00,3.94,.103E+08
30,11,1992,13,13,hru13           ,35.1,.00,1.05,.317E+07
31,12,1992,1,1,hru01           ,.186E+04,.00,57.5,.250E+09
31,12,1992,2,2,hru02           ,.215E+04,.808E+06,.178E+07,.332E+09
31,12,1992,3,3,hru03           ,968.,.267E+06,.144E+06,.143E+09
31,12,1992,4,4,hru04           ,905.,.106E+06,.562E+07,.146E+09
31,12,1992,5,5,hru05           ,.209E+04,.205E+07,63.7,.210E+09
31,12,1992,6,6,hru06           ,536.,.205E+07,16.6,.475E+08
31,12,1992,7,7,hru07           ,619.,.879E+05,.248E+07,.890E+08
31,12,1992,8,8,hru08           ,615.,.673E+06,18.7,.614E+08
31,12,1992,9,9,hru09           ,719.,.317E+06,21.8,.107E+09
31,12,1992,10,10,hru10           ,414.,.841E+06,.340E+06,.591E+08
31,12,1992,11,11,hru11           ,79.8,.523E+04,.393E+05,.113E+08
31,12,1992,12,12,hru12           ,132.,.190E+05,.217E+06,.189E+08
31,12,1992,13,13,hru13           ,35.1,.108E+06,1.08,.583E+07
31,1,1993,1,1,hru01           ,5.40,.298E+04,877.,.101E+07
31,1,1993,2,2,hru02           ,3.43,930.,.137E+05,.693E+06
31,1,1993,3,3,hru03           ,968.,.548E+06,.197E+07,.181E+09
31,1,1993,4,4,hru04           ,905.,.592E+05,.340E+06,.178E+09
31,1,1993,5,5,hru05           ,.209E+04,.362E+08,.186E+07,.177E+09
31,1,1993,6,6,hru06           ,536.,.221E+08,.300E+04,.420E+08
31,1,1993,7,7,hru07           ,619.,.762E+05,.345E+07,.122E+09
31,1,1993,8,8,hru08           ,615.,.118E+08,.528E+06,.518E+08
31,1,1993,9,9,hru09           ,.143E+04,.702E+07,43.3,.115E+09
31,1,1993,10,10,hru10           ,3.58,.441E+04,.891E+04,.719E+06
31,1,1993,11,11,hru11           ,9.78,474.,.157E+05,.196E+07
31,1,1993,12,12,hru12           ,2.12,.126E+04,.108E+05,.424E+06
31,1,1993,13,13,hru13           ,.394E+04,.442E+08,.761E+04,.796E+09
28,2,1993,1,1,hru01           ,5.40,.771,.345E+04,.854E+06
28,2,1993,2,2,hru02           ,3.43,.110E+04,.760E+04,.611E+06
28,2,1993,3,3,hru03           ,968.,.300E+06,.215E+07,.164E+09
28,2,1993,4,4,hru04           ,905.,.925E+05,.255E+07,.157E+09
28,2,1993,5,5,hru05           ,.209E+04,.476E+08,.439E+08,.155E+09
28,2,1993,6,6,hru06           ,536.,.238E+08,.378E+06,.367E+08
28,2,1993,7,7,hru07           ,619.,.562E+05,.163E+07,.108E+09
28,2,1993,8,8,hru08           ,615.,.154E+08,.121E+08,.454E+08
28,2,1993,9,9,hru09           ,.143E+04,.226E+08,.273E+08,.101E+09
28,2,1993,10,10,hru10           ,3.58,.233E+04,.310E+04,.597E+06
28,2,1993,11,11,hru11           ,9.78,110.,.834E+04,.168E+07
28,2,1993,12,12,hru12           ,2.12,193.,.195E+04,.351E+06
28,2,1993,13,13,hru13           ,.394E+04,.598E+07,110.,.646E+09
31,3,1993,1,1,hru01           ,5.40,303.,.310E+05,.468E+06
31,3,1993,2,2,hru02           ,3.43,95.6,.228E+05,.174E+06
31,3,1993,3,3,hru03           ,968.,.210E+06,.652E+07,.123E+09
31,3,1993,4,4,hru04           ,905.,26.6,.228E+06,.634E+08
31,3,1993,5,5,hru05           ,.209E+04,.360E+08,.359E+07,.163E+09
31,3,1993,6,6,hru06           ,536.,.179E+08,16.6,.378E+08
31,3,1993,7,7,hru07           ,619.,16.4,.120E+07,.638E+08
31,3,1993,8,8,hru08           ,615.,.114E+08,.966E+06,.478E+08
31,3,1993,9,9,hru09           ,.143E+04,.316E+08,.314E+07,.104E+09
31,3,1993,10,10,hru10           ,3.58,155.,.111,.239E+06
31,3,1993,11,11,hru11           ,9.78,9.12,.292,.663E+06
31,3,1993,12,12,hru12           ,2.12,38.3,1.14,.143E+06
31,3,1993,13,13,hru13           ,.394E+04,.238E+06,121.,.266E+09
30,4,1993,1,1,hru01           ,5.40,95.5,.293E+05,.268E+06
30,4,1993,2,2,hru02           ,3.43,6.18,.103,.100E+06
30,4,1993,3,3,hru03           ,968.,.391E+05,.169E+07,.763E+08
30,4,1993,4,4,hru04           ,905.,.00,.147E+06,.236E+08
30,4,1993,5,5,hru05           ,.209E+04,.150E+08,61.6,.158E+09
30,4,1993,6,6,hru06           ,536.,.204E+07,16.0,.364E+08
30,4,1993,7,7,hru07           ,619.,.00,.479E+05,.153E+08
30,4,1993,8,8,hru08           ,615.,.449E+07,18.1,.464E+08
30,4,1993,9,9,hru09           ,.143E+04,.181E+08,.511E+06,.100E+09
30,4,1993,10,10,hru10           ,3.58,.00,.107,.623E+05
30,4,1993,11,11,hru11           ,9.78,.00,.283,.170E+06
30,4,1993,12,12,hru12           ,2.12,2.05,.631E-01,.368E+05
30,4,1993,13,13,hru13           ,.394E+04,.00,117.,.108E+09
31,5,1993,1,1,hru01           ,5.40,.183,.167,.272E+05
31,5,1993,2,2,hru02           ,3.43,.00,.106,.305
31,5,1993,3,3,hru03           ,968.,65.6,30.0,.00
31,5,1993,4,4,hru04           ,905.,.00,28.0,.00
31,5,1993,5,5,hru05           ,.209E+04,.104E+07,63.7,.143E+09
31,5,1993,6,6,hru06           ,536.,532.,16.6,.333E+08
31,5,1993,7,7,hru07           ,619.,.00,19.2,.00
31,5,1993,8,8,hru08           ,615.,.249E+06,18.7,.420E+08
31,5,1993,9,9,hru09           ,.143E+04,.536E+07,43.3,.917E+08
31,5,1993,10,10,hru10           ,3.58,.00,.111,.103E+05
31,5,1993,11,11,hru11           ,9.78,.00,.292,.281E+05
31,5,1993,12,12,hru12           ,2.12,.00,.652E-01,.621E+04
31,5,1993,13,13,hru13           ,.394E+04,.00,121.,371.
30,6,1993,1,1,hru01           ,5.40,.00,.162,.464
30,6,1993,2,2,hru02           ,3.43,.00,.103,.295
30,6,1993,3,3,hru03           ,968.,.00,29.0,.00
30,6,1993,4,4,hru04           ,905.,.00,27.1,.00
30,6,1993,5,5,hru05           ,.209E+04,19.7,61.6,.822E+08
30,6,1993,6,6,hru06           ,536.,.00,16.0,.122E+08
30,6,1993,7,7,hru07           ,619.,.00,18.6,.00
30,6,1993,8,8,hru08           ,615.,3.64,18.1,.226E+08
30,6,1993,9,9,hru09           ,.143E+04,.224E+04,41.9,.723E+08
30,6,1993,10,10,hru10           ,3.58,.00,.107,.307
30,6,1993,11,11,hru11           ,9.78,.00,.283,.839
30,6,1993,12,12,hru12           ,2.12,.00,.631E-01,.182
30,6,1993,13,13,hru13           ,.394E+04,.00,117.,359.
31,7,1993,1,1,hru01           ,5.40,.00,.167,.322E+05
31,7,1993,2,2,hru02           ,3.43,.00,.106,.305
31,7,1993,3,3,hru03           ,968.,.00,30.0,.00
31,7,1993,4,4,hru04           ,905.,.00,28.0,.00
31,7,1993,5,5,hru05           ,.209E+04,.00,63.7,197.
31,7,1993,6,6,hru06           ,536.,.00,16.6,50.5
31,7,1993,7,7,hru07           ,619.,.00,19.2,.00
31,7,1993,8,8,hru08           ,615.,.00,18.7,57.9
31,7,1993,9,9,hru09           ,.143E+04,.00,43.3,.481E+08
31,7,1993,10,10,hru10           ,3.58,.00,.111,.317
31,7,1993,11,11,hru11           ,9.78,.00,.292,.867
31,7,1993,12,12,hru12           ,2.12,.00,.652E-01,.188
31,7,1993,13,13,hru13           ,.394E+04,.00,121.,371.
31,8,1993,1,1,hru01           ,5.40,.00,.167,.479
31,8,1993,2,2,hru02           ,3.43,.00,.106,.884E-01
31,8,1993,3,3,hru03           ,968.,.00,30.0,.00
31,8,1993,4,4,hru04           ,905.,.00,28.0,.00
31,8,1993,5,5,hru05           ,.209E+04,.00,63.7,197.
31,8,1993,6,6,hru06           ,536.,.00,16.6,50.4
31,8,1993,7,7,hru07           ,619.,.00,19.2,.00
31,8,1993,8,8,hru08           ,615.,.00,18.7,57.8
31,8,1993,9,9,hru09           ,.143E+04,.00,43.3,134.
31,8,1993,10,10,hru10           ,3.58,.00,.111,.317
31,8,1993,11,11,hru11           ,9.78,.00,.292,.867
31,8,1993,12,12,hru12           ,2.12,.00,.652E-01,.188
31,8,1993,13,13,hru13           ,.394E+04,.00,121.,371.
30,9,1993,1,1,hru01           ,5.40,.00,.162,.377E+05
30,9,1993,2,2,hru02           ,3.43,.00,.103,.181E+05
30,9,1993,3,3,hru03           ,968.,.00,29.0,.835E+07
30,9,1993,4,4,hru04           ,905.,.00,27.1,.584E+07
30,9,1993,5,5,hru05           ,.209E+04,.00,61.6,.110E+08
30,9,1993,6,6,hru06           ,536.,.00,16.0,48.5
30,9,1993,7,7,hru07           ,619.,.00,18.6,.347E+07
30,9,1993,8,8,hru08           ,615.,.00,18.1,.324E+07
30,9,1993,9,9,hru09           ,.143E+04,.00,41.9,.992E+07
30,9,1993,10,10,hru10           ,3.58,.00,.107,.307
30,9,1993,11,11,hru11           ,9.78,.00,.283,.839
30,9,1993,12,12,hru12           ,2.12,.00,.631E-01,.182
30,9,1993,13,13,hru13           ,.394E+04,.00,117.,359.
31,10,1993,1,1,hru01           ,5.40,.00,.167,.132E+06
31,10,1993,2,2,hru02           ,3.43,.00,.106,.905E+05
31,10,1993,3,3,hru03           ,968.,.00,30.0,.257E+08
31,10,1993,4,4,hru04           ,905.,.00,28.0,.262E+08
31,10,1993,5,5,hru05           ,.209E+04,.00,63.7,.552E+08
31,10,1993,6,6,hru06           ,536.,.00,16.6,.923E+07
31,10,1993,7,7,hru07           ,619.,.00,19.2,.115E+08
31,10,1993,8,8,hru08           ,615.,.00,18.7,.162E+08
31,10,1993,9,9,hru09           ,.143E+04,.00,43.3,.267E+08
31,10,1993,10,10,hru10           ,3.58,.00,.111,.429E+05
31,10,1993,11,11,hru11           ,9.78,.00,.292,.117E+06
31,10,1993,12,12,hru12           ,2.12,.00,.652E-01,.254E+05
31,10,1993,13,13,hru13           ,.394E+04,.00,121.,.357E+08
30,11,1993,1,1,hru01           ,5.40,106.,.169E+04,.545E+06
30,11,1993,2,2,hru02           ,3.43,462.,.376E+04,.374E+06
30,11,1993,3,3,hru03           ,968.,.291E+05,.402E+06,.869E+08
30,11,1993,4,4,hru04           ,905.,.00,.215E+07,.107E+09
30,11,1993,5,5,hru05           ,.209E+04,.866E+06,61.6,.155E+09
30,11,1993,6,6,hru06           ,536.,.435E+06,16.0,.363E+08
30,11,1993,7,7,hru07           ,619.,.266E+04,.134E+06,.692E+08
30,11,1993,8,8,hru08           ,615.,.285E+06,18.1,.454E+08
30,11,1993,9,9,hru09           ,.143E+04,.668E+06,41.9,.995E+08
30,11,1993,10,10,hru10           ,3.58,929.,.335E+04,.356E+06
30,11,1993,11,11,hru11           ,9.78,19.3,.881E+04,.970E+06
30,11,1993,12,12,hru12           ,2.12,73.0,.210E+04,.211E+06
30,11,1993,13,13,hru13           ,.394E+04,.291E+07,117.,.393E+09
31,12,1993,1,1,hru01           ,5.40,703.,.767,.738E+06
31,12,1993,2,2,hru02           ,3.43,790.,.225E+04,.602E+06
31,12,1993,3,3,hru03           ,968.,.198E+06,30.0,.146E+09
31,12,1993,4,4,hru04           ,905.,.247E+05,.348E+05,.137E+09
31,12,1993,5,5,hru05           ,.209E+04,.229E+07,63.7,.201E+09
31,12,1993,6,6,hru06           ,536.,.106E+07,16.6,.476E+08
31,12,1993,7,7,hru07           ,619.,.466E+05,.414E+05,.946E+08
31,12,1993,8,8,hru08           ,615.,.752E+06,18.7,.590E+08
31,12,1993,9,9,hru09           ,.143E+04,.393E+07,43.3,.118E+09
31,12,1993,10,10,hru10           ,3.58,.302E+04,603.,.586E+06
31,12,1993,11,11,hru11           ,9.78,271.,.153E+04,.161E+07
31,12,1993,12,12,hru12           ,2.12,120.,372.,.349E+06
31,12,1993,13,13,hru13           ,.394E+04,.214E+07,121.,.642E+09
31,1,1994,1,1,hru01           ,5.40,.107E+04,564.,.733E+06
31,1,1994,2,2,hru02           ,3.43,172.,.106,.493E+06
31,1,1994,3,3,hru03           ,968.,.372E+06,.608E+06,.175E+09
31,1,1994,4,4,hru04           ,905.,.596E+05,.264E+06,.149E+09
31,1,1994,5,5,hru05           ,.209E+04,.161E+08,63.7,.189E+09
31,1,1994,6,6,hru06           ,536.,.116E+08,16.6,.436E+08
31,1,1994,7,7,hru07           ,619.,.228E+05,.480E+06,.921E+08
31,1,1994,8,8,hru08           ,615.,.525E+07,18.7,.555E+08
31,1,1994,9,9,hru09           ,.143E+04,.237E+08,.193E+08,.112E+09
31,1,1994,10,10,hru10           ,3.58,.354E+04,786.,.615E+06
31,1,1994,11,11,hru11           ,9.78,247.,.147E+04,.169E+07
31,1,1994,12,12,hru12           ,2.12,186.,799.,.366E+06
31,1,1994,13,13,hru13           ,.394E+04,.699E+07,121.,.762E+09
28,2,1994,1,1,hru01           ,5.40,231.,.126E+05,.693E+06
28,2,1994,2,2,hru02           ,3.43,.00,48.9,.188E+06
28,2,1994,3,3,hru03           ,968.,.417E+05,.354E+05,.997E+08
28,2,1994,4,4,hru04           ,905.,.236E+04,.174E+07,.712E+08
28,2,1994,5,5,hru05           ,.209E+04,.175E+08,57.5,.175E+09
28,2,1994,6,6,hru06           ,536.,.146E+08,15.0,.391E+08
28,2,1994,7,7,hru07           ,619.,.138E+04,.137E+06,.594E+08
28,2,1994,8,8,hru08           ,615.,.562E+07,16.9,.513E+08
28,2,1994,9,9,hru09           ,.143E+04,.283E+08,.258E+05,.999E+08
28,2,1994,10,10,hru10           ,3.58,.245,.100,.116E+06
28,2,1994,11,11,hru11           ,9.78,.00,.264,.320E+06
28,2,1994,12,12,hru12           ,2.12,2.81,.589E-01,.684E+05
28,2,1994,13,13,hru13           ,.394E+04,.303E+06,110.,.192E+09
31,3,1994,1,1,hru01           ,5.40,.00,.167,.959E+05
31,3,1994,2,2,hru02           ,3.43,.00,.106,.498E+05
31,3,1994,3,3,hru03           ,968.,.00,30.0,.302E+08
31,3,1994,4,4,hru04           ,905.,.00,28.0,.149E+08
31,3,1994,5,5,hru05           ,.209E+04,.192E+07,63.7,.194E+09
31,3,1994,6,6,hru06           ,536.,.836E+06,16.6,.424E+08
31,3,1994,7,7,hru07           ,619.,.00,19.2,.996E+07
31,3,1994,8,8,hru08           ,615.,.575E+06,18.7,.571E+08
31,3,1994,9,9,hru09           ,.143E+04,.118E+08,43.3,.108E+09
31,3,1994,10,10,hru10           ,3.58,.00,.111,.560E+05
31,3,1994,11,11,hru11           ,9.78,.00,.292,.153E+06
31,3,1994,12,12,hru12           ,2.12,.00,.652E-01,.331E+05
31,3,1994,13,13,hru13           ,.394E+04,5.02,121.,.453E+08
30,4,1994,1,1,hru01           ,5.40,.00,.162,.104E+06
30,4,1994,2,2,hru02           ,3.43,.00,.103,.706E+05
30,4,1994,3,3,hru03           ,968.,.00,.178E+06,.254E+08
30,4,1994,4,4,hru04           ,905.,.00,27.1,.788E+07
30,4,1994,5,5,hru05           ,.209E+04,62.7,61.6,.108E+09
30,4,1994,6,6,hru06           ,536.,20.0,16.0,.302E+08
30,4,1994,7,7,hru07           ,619.,.00,18.6,.688E+07
30,4,1994,8,8,hru08           ,615.,17.6,18.1,.309E+08
30,4,1994,9,9,hru09           ,.143E+04,.490E+05,41.9,.960E+08
30,4,1994,10,10,hru10           ,3.58,.00,.107,.637E+05
30,4,1994,11,11,hru11           ,9.78,.00,.283,.174E+06
30,4,1994,12,12,hru12           ,2.12,.00,.631E-01,.377E+05
30,4,1994,13,13,hru13           ,.394E+04,.00,117.,.683E+08
31,5,1994,1,1,hru01           ,5.40,.00,.167,.279E+05
31,5,1994,2,2,hru02           ,3.43,.00,.106,.305
31,5,1994,3,3,hru03           ,968.,.00,30.0,.00
31,5,1994,4,4,hru04           ,905.,.00,28.0,.00
31,5,1994,5,5,hru05           ,.209E+04,.00,63.7,.650E+07
31,5,1994,6,6,hru06           ,536.,.00,16.6,50.5
31,5,1994,7,7,hru07           ,619.,.00,19.2,.00
31,5,1994,8,8,hru08           ,615.,.00,18.7,.192E+07
31,5,1994,9,9,hru09           ,.143E+04,.00,43.3,.686E+08
31,5,1994,10,10,hru10           ,3.58,.00,.111,.317
31,5,1994,11,11,hru11           ,9.78,.00,.292,.867
31,5,1994,12,12,hru12           ,2.12,.00,.652E-01,.188
31,5,1994,13,13,hru13           ,.394E+04,.00,121.,371.
30,6,1994,1,1,hru01           ,5.40,.00,.162,.464
30,6,1994,2,2,hru02           ,3.43,.00,.103,.295
30,6,1994,3,3,hru03           ,968.,.00,29.0,.00
30,6,1994,4,4,hru04           ,905.,.00,27.1,.00
30,6,1994,5,5,hru05           ,.209E+04,.00,61.6,191.
30,6,1994,6,6,hru06           ,536.,.00,16.0,48.8
30,6,1994,7,7,hru07           ,619.,.00,18.6,.00
30,6,1994,8,8,hru08           ,615.,.00,18.1,55.9
30,6,1994,9,9,hru09           ,.143E+04,.00,41.9,130.
30,6,1994,10,10,hru10           ,3.58,.00,.107,.307
30,6,1994,11,11,hru11           ,9.78,.00,.283,.839
30,6,1994,12,12,hru12           ,2.12,.00,.631E-01,.182
30,6,1994,13,13,hru13           ,.394E+04,.00,117.,359.
31,7,1994,1,1,hru01           ,5.40,.00,.167,.479
31,7,1994,2,2,hru02           ,3.43,.00,.106,.305
31,7,1994,3,3,hru03           ,968.,.00,30.0,.00
31,7,1994,4,4,hru04           ,905.,.00,28.0,.00
31,7,1994,5,5,hru05           ,.209E+04,.00,63.7,197.
31,7,1994,6,6,hru06           ,536.,.00,16.6,50.5
31,7,1994,7,7,hru07           ,619.,.00,19.2,.00
31,7,1994,8,8,hru08           ,615.,.00,18.7,57.9
31,7,1994,9,9,hru09           ,.143E+04,.00,43.3,135.
31,7,1994,10,10,hru10           ,3.58,.00,.111,.317
31,7,1994,11,11,hru11           ,9.78,.00,.292,.867
31,7,1994,12,12,hru12           ,2.12,.00,.652E-01,.188
31,7,1994,13,13,hru13           ,.394E+04,.00,121.,371.
31,8,1994,1,1,hru01           ,5.40,.00,.167,.284E+05
31,8,1994,2,2,hru02           ,3.43,.00,.106,.305
31,8,1994,3,3,hru03           ,968.,.00,30.0,.00
31,8,1994,4,4,hru04           ,905.,.00,28.0,.00
31,8,1994,5,5,hru05           ,.209E+04,.00,63.7,197.
31,8,1994,6,6,hru06           ,536.,.00,16.6,50.4
31,8,1994,7,7,hru07           ,619.,.00,19.2,.00
31,8,1994,8,8,hru08           ,615.,.00,18.7,57.8
31,8,1994,9,9,hru09           ,.143E+04,.00,43.3,134.
31,8,1994,10,10,hru10           ,3.58,.00,.111,.317
31,8,1994,11,11,hru11           ,9.78,.00,.292,.867
31,8,1994,12,12,hru12           ,2.12,.00,.652E-01,.188
31,8,1994,13,13,hru13           ,.394E+04,.00,121.,371.
30,9,1994,1,1,hru01           ,5.40,.00,.162,.232E+05
30,9,1994,2,2,hru02           ,3.43,.00,.103,.248E+05
30,9,1994,3,3,hru03           ,968.,.00,29.0,.388E+07
30,9,1994,4,4,hru04           ,905.,.00,27.1,.667E+07
30,9,1994,5,5,hru05           ,.209E+04,.00,61.6,.151E+08
30,9,1994,6,6,hru06           ,536.,.00,16.0,48.2
30,9,1994,7,7,hru07           ,619.,.00,18.6,.221E+07
30,9,1994,8,8,hru08           ,615.,.00,18.1,.444E+07
30,9,1994,9,9,hru09           ,.143E+04,.00,41.9,.846E+07
30,9,1994,10,10,hru10           ,3.58,.00,.107,.558E+04
30,9,1994,11,11,hru11           ,9.78,.00,.283,.152E+05
30,9,1994,12,12,hru12           ,2.12,.00,.631E-01,.330E+04
30,9,1994,13,13,hru13           ,.394E+04,.00,117.,.201E+08
31,10,1994,1,1,hru01           ,5.40,.00,30.7,.263E+06
31,10,1994,2,2,hru02           ,3.43,.00,.287E+04,.196E+06
31,10,1994,3,3,hru03           ,968.,.00,30.0,.477E+08
31,10,1994,4,4,hru04           ,905.,.00,.133E+07,.522E+08
31,10,1994,5,5,hru05           ,.209E+04,.555E+05,63.7,.117E+09
31,10,1994,6,6,hru06           ,536.,.00,16.6,.214E+08
31,10,1994,7,7,hru07           ,619.,.00,.266E+04,.320E+08
31,10,1994,8,8,hru08           ,615.,.183E+05,18.7,.342E+08
31,10,1994,9,9,hru09           ,.143E+04,.00,43.3,.572E+08
31,10,1994,10,10,hru10           ,3.58,.00,.111,.132E+06
31,10,1994,11,11,hru11           ,9.78,.00,.292,.361E+06
31,10,1994,12,12,hru12           ,2.12,.00,.652E-01,.782E+05
31,10,1994,13,13,hru13           ,.394E+04,.00,121.,.154E+09
30,11,1994,1,1,hru01           ,5.40,.00,.162,.205E+06
30,11,1994,2,2,hru02           ,3.43,.00,.103,.152E+06
30,11,1994,3,3,hru03           ,968.,.00,29.0,.276E+08
30,11,1994,4,4,hru04           ,905.,.00,27.1,.424E+08
30,11,1994,5,5,hru05           ,.209E+04,201.,61.6,.969E+08
30,11,1994,6,6,hru06           ,536.,.00,16.0,.173E+08
30,11,1994,7,7,hru07           ,619.,.00,.101E+06,.314E+08
30,11,1994,8,8,hru08           ,615.,66.4,18.1,.285E+08
30,11,1994,9,9,hru09           ,.143E+04,.00,41.9,.394E+08
30,11,1994,10,10,hru10           ,3.58,.00,.107,.124E+06
30,11,1994,11,11,hru11           ,9.78,.00,.283,.339E+06
30,11,1994,12,12,hru12           ,2.12,.00,.631E-01,.735E+05
30,11,1994,13,13,hru13           ,.394E+04,.00,117.,.115E+09
31,12,1994,1,1,hru01           ,5.40,.102E+04,6.47,.444E+06
31,12,1994,2,2,hru02           ,3.43,683.,.341E+04,.365E+06
31,12,1994,3,3,hru03           ,968.,.111E+06,.157E+06,.101E+09
31,12,1994,4,4,hru04           ,905.,.745E+05,.128E+05,.757E+08
31,12,1994,5,5,hru05           ,.209E+04,.942E+06,63.7,.161E+09
31,12,1994,6,6,hru06           ,536.,.874E+06,16.6,.429E+08
31,12,1994,7,7,hru07           ,619.,.724E+05,.204E+06,.515E+08
31,12,1994,8,8,hru08           ,615.,.309E+06,18.7,.472E+08
31,12,1994,9,9,hru09           ,.143E+04,.716E+06,43.3,.982E+08
31,12,1994,10,10,hru10           ,3.58,.305E+04,.106E+04,.275E+06
31,12,1994,11,11,hru11           ,9.78,232.,.177E+04,.750E+06
31,12,1994,12,12,hru12           ,2.12,148.,.123E+04,.163E+06
31,12,1994,13,13,hru13           ,.394E+04,.544E+07,121.,.344E+09
31,1,1995,1,1,hru01           ,5.40,.238E+04,.893E+04,.109E+07
31,1,1995,2,2,hru02           ,3.43,.103E+04,.119E+04,.608E+06
31,1,1995,3,3,hru03           ,968.,.317E+06,.890E+06,.192E+09
31,1,1995,4,4,hru04           ,905.,.900E+05,.209E+07,.164E+09
31,1,1995,5,5,hru05           ,.209E+04,.404E+07,63.7,.180E+09
31,1,1995,6,6,hru06           ,536.,.367E+07,16.6,.469E+08
31,1,1995,7,7,hru07           ,619.,.420E+05,.147E+07,.118E+09
31,1,1995,8,8,hru08           ,615.,.132E+07,18.7,.527E+08
31,1,1995,9,9,hru09           ,.143E+04,.399E+07,43.3,.120E+09
31,1,1995,10,10,hru10           ,3.58,.345E+04,.274E+04,.537E+06
31,1,1995,11,11,hru11           ,9.78,202.,.731E+04,.149E+07
31,1,1995,12,12,hru12           ,2.12,188.,.168E+04,.321E+06
31,1,1995,13,13,hru13           ,.394E+04,.568E+07,121.,.650E+09
28,2,1995,1,1,hru01           ,5.40,11.8,.151,.341E+06
28,2,1995,2,2,hru02           ,3.43,2.54,468.,.222E+06
28,2,1995,3,3,hru03           ,968.,.150E+04,27.1,.665E+08
28,2,1995,4,4,hru04           ,905.,285.,25.3,.581E+08
28,2,1995,5,5,hru05           ,.209E+04,.215E+07,57.5,.176E+09
28,2,1995,6,6,hru06           ,536.,.177E+07,15.0,.454E+08
28,2,1995,7,7,hru07           ,619.,85.8,.719E+05,.423E+08
28,2,1995,8,8,hru08           ,615.,.693E+06,16.9,.516E+08
28,2,1995,9,9,hru09           ,.143E+04,.273E+07,39.1,.116E+09
28,2,1995,10,10,hru10           ,3.58,9.83,.217E+04,.177E+06
28,2,1995,11,11,hru11           ,9.78,.797E-01,.593E+04,.483E+06
28,2,1995,12,12,hru12           ,2.12,.653,.129E+04,.105E+06
28,2,1995,13,13,hru13           ,.394E+04,.713E+04,110.,.195E+09
31,3,1995,1,1,hru01           ,5.40,.00,.167,.138E+06
31,3,1995,2,2,hru02           ,3.43,.00,.106,.988E+05
31,3,1995,3,3,hru03           ,968.,.00,30.0,.212E+08
31,3,1995,4,4,hru04           ,905.,.00,28.0,.192E+08
31,3,1995,5,5,hru05           ,.209E+04,.145E+04,63.7,.183E+09
31,3,1995,6,6,hru06           ,536.,680.,16.6,.464E+08
31,3,1995,7,7,hru07           ,619.,.00,19.2,.172E+08
31,3,1995,8,8,hru08           ,615.,474.,18.7,.537E+08
31,3,1995,9,9,hru09           ,.143E+04,.112E+04,43.3,.118E+09
31,3,1995,10,10,hru10           ,3.58,.00,.111,.638E+05
31,3,1995,11,11,hru11           ,9.78,.00,.292,.174E+06
31,3,1995,12,12,hru12           ,2.12,.00,.652E-01,.378E+05
31,3,1995,13,13,hru13           ,.394E+04,.00,121.,.686E+08
30,4,1995,1,1,hru01           ,5.40,.00,.162,.630E+05
30,4,1995,2,2,hru02           ,3.43,.00,.103,.392E+05
30,4,1995,3,3,hru03           ,968.,.00,29.0,.256E+08
30,4,1995,4,4,hru04           ,905.,.00,27.1,.797E+07
30,4,1995,5,5,hru05           ,.209E+04,.00,61.6,.109E+09
30,4,1995,6,6,hru06           ,536.,.00,16.0,.237E+08
30,4,1995,7,7,hru07           ,619.,.00,18.6,.574E+07
30,4,1995,8,8,hru08           ,615.,.00,18.1,.318E+08
30,4,1995,9,9,hru09           ,.143E+04,.00,41.9,.727E+08
30,4,1995,10,10,hru10           ,3.58,.00,.107,.300E+05
30,4,1995,11,11,hru11           ,9.78,.00,.283,.821E+05
30,4,1995,12,12,hru12           ,2.12,.00,.631E-01,.178E+05
30,4,1995,13,13,hru13           ,.394E+04,.00,117.,.317E+08
31,5,1995,1,1,hru01           ,5.40,.00,.167,.696E+05
31,5,1995,2,2,hru02           ,3.43,.00,.106,.382E+05
31,5,1995,3,3,hru03           ,968.,.00,30.0,.526E+07
31,5,1995,4,4,hru04           ,905.,.00,28.0,.463E+07
31,5,1995,5,5,hru05           ,.209E+04,.00,63.7,.221E+08
31,5,1995,6,6,hru06           ,536.,.00,16.6,50.5
31,5,1995,7,7,hru07           ,619.,.00,19.2,.276E+07
31,5,1995,8,8,hru08           ,615.,.00,18.7,.650E+07
31,5,1995,9,9,hru09           ,.143E+04,.00,43.3,.172E+08
31,5,1995,10,10,hru10           ,3.58,.00,.111,.317
31,5,1995,11,11,hru11           ,9.78,.00,.292,.867
31,5,1995,12,12,hru12           ,2.12,.00,.652E-01,.188
31,5,1995,13,13,hru13           ,.394E+04,.00,121.,.255E+08
30,6,1995,1,1,hru01           ,5.40,.00,.162,.464
30,6,1995,2,2,hru02           ,3.43,.00,.103,.295
30,6,1995,3,3,hru03           ,968.,.00,29.0,.00
30,6,1995,4,4,hru04           ,905.,.00,27.1,.00
30,6,1995,5,5,hru05           ,.209E+04,.00,61.6,191.
30,6,1995,6,6,hru06           ,536.,.00,16.0,48.9
30,6,1995,7,7,hru07           ,619.,.00,18.6,.00
30,6,1995,8,8,hru08           ,615.,.00,18.1,56.1
30,6,1995,9,9,hru09           ,.143E+04,.00,41.9,130.
30,6,1995,10,10,hru10           ,3.58,.00,.107,.307
30,6,1995,11,11,hru11           ,9.78,.00,.283,.839
30,6,1995,12,12,hru12           ,2.12,.00,.631E-01,.182
30,6,1995,13,13,hru13           ,.394E+04,.00,117.,359.
31,7,1995,1,1,hru01           ,5.40,.00,.167,.290E+05
31,7,1995,2,2,hru02           ,3.43,.00,.106,.246
31,7,1995,3,3,hru03           ,968.,.00,30.0,.00
31,7,1995,4,4,hru04           ,905.,.00,28.0,.00
31,7,1995,5,5,hru05           ,.209E+04,.00,63.7,197.
31,7,1995,6,6,hru06           ,536.,.00,16.6,50.5
31,7,1995,7,7,hru07           ,619.,.00,19.2,.00
31,7,1995,8,8,hru08           ,615.,.00,18.7,57.9
31,7,1995,9,9,hru09           ,.143E+04,.00,43.3,135.
31,7,1995,10,10,hru10           ,3.58,.00,.111,.317
31,7,1995,11,11,hru11           ,9.78,.00,.292,.867
31,7,1995,12,12,hru12           ,2.12,.00,.652E-01,.188
31,7,1995,13,13,hru13           ,.394E+04,.00,121.,371.
31,8,1995,1,1,hru01           ,5.40,.00,.167,.340
31,8,1995,2,2,hru02           ,3.43,.00,.106,.00
31,8,1995,3,3,hru03           ,968.,.00,30.0,.00
31,8,1995,4,4,hru04           ,905.,.00,28.0,.00
31,8,1995,5,5,hru05           ,.209E+04,.00,63.7,196.
31,8,1995,6,6,hru06           ,536.,.00,16.6,50.1
31,8,1995,7,7,hru07           ,619.,.00,19.2,.00
31,8,1995,8,8,hru08           ,615.,.00,18.7,57.6
31,8,1995,9,9,hru09           ,.143E+04,.00,43.3,134.
31,8,1995,10,10,hru10           ,3.58,.00,.111,.317
31,8,1995,11,11,hru11           ,9.78,.00,.292,.867
31,8,1995,12,12,hru12           ,2.12,.00,.652E-01,.188
31,8,1995,13,13,hru13           ,.394E+04,.00,121.,371.
30,9,1995,1,1,hru01           ,5.40,.00,.162,.00
30,9,1995,2,2,hru02           ,3.43,.00,.103,.167E+05
30,9,1995,3,3,hru03           ,968.,.00,29.0,.00
30,9,1995,4,4,hru04           ,905.,.00,27.1,.478E+07
30,9,1995,5,5,hru05           ,.209E+04,.00,61.6,.102E+08
30,9,1995,6,6,hru06           ,536.,.00,16.0,.147E+07
30,9,1995,7,7,hru07           ,619.,.00,18.6,.354E+07
30,9,1995,8,8,hru08           ,615.,.00,18.1,.300E+07
30,9,1995,9,9,hru09           ,.143E+04,.00,41.9,.771E+07
30,9,1995,10,10,hru10           ,3.58,.00,.107,.121E+05
30,9,1995,11,11,hru11           ,9.78,.00,.283,.329E+05
30,9,1995,12,12,hru12           ,2.12,.00,.631E-01,.714E+04
30,9,1995,13,13,hru13           ,.394E+04,.00,117.,.140E+08
31,10,1995,1,1,hru01           ,5.40,.00,.167,.215E+06
31,10,1995,2,2,hru02           ,3.43,.00,4.18,.209E+06
31,10,1995,3,3,hru03           ,968.,.00,.323E+04,.468E+08
31,10,1995,4,4,hru04           ,905.,.00,.713E+04,.440E+08
31,10,1995,5,5,hru05           ,.209E+04,.00,63.7,.666E+08
31,10,1995,6,6,hru06           ,536.,.00,16.6,.172E+08
31,10,1995,7,7,hru07           ,619.,.00,19.2,.242E+08
31,10,1995,8,8,hru08           ,615.,.00,18.7,.195E+08
31,10,1995,9,9,hru09           ,.143E+04,.00,43.3,.439E+08
31,10,1995,10,10,hru10           ,3.58,.00,.111,.106E+06
31,10,1995,11,11,hru11           ,9.78,.00,.292,.290E+06
31,10,1995,12,12,hru12           ,2.12,.00,.652E-01,.629E+05
31,10,1995,13,13,hru13           ,.394E+04,.00,121.,.117E+09
30,11,1995,1,1,hru01           ,5.40,.00,.162,.307E+06
30,11,1995,2,2,hru02           ,3.43,21.5,.103,.245E+06
30,11,1995,3,3,hru03           ,968.,.00,29.0,.472E+08
30,11,1995,4,4,hru04           ,905.,.00,27.1,.599E+08
30,11,1995,5,5,hru05           ,.209E+04,.456E+06,61.6,.137E+09
30,11,1995,6,6,hru06           ,536.,.243E+06,16.0,.234E+08
30,11,1995,7,7,hru07           ,619.,.00,.275E+06,.408E+08
30,11,1995,8,8,hru08           ,615.,.150E+06,18.1,.403E+08
30,11,1995,9,9,hru09           ,.143E+04,.268E+05,41.9,.483E+08
30,11,1995,10,10,hru10           ,3.58,.00,.107,.279E+06
30,11,1995,11,11,hru11           ,9.78,.00,.283,.763E+06
30,11,1995,12,12,hru12           ,2.12,.00,.631E-01,.165E+06
30,11,1995,13,13,hru13           ,.394E+04,.00,117.,.292E+09
31,12,1995,1,1,hru01           ,5.40,179.,.167,.961E+06
31,12,1995,2,2,hru02           ,3.43,.107E+04,836.,.668E+06
31,12,1995,3,3,hru03           ,968.,.929E+05,.388E+07,.155E+09
31,12,1995,4,4,hru04           ,905.,.904E+05,.406E+05,.145E+09
31,12,1995,5,5,hru05           ,.209E+04,.945E+07,63.7,.198E+09
31,12,1995,6,6,hru06           ,536.,.326E+07,16.6,.454E+08
31,12,1995,7,7,hru07           ,619.,.850E+05,.410E+05,.108E+09
31,12,1995,8,8,hru08           ,615.,.309E+07,18.7,.579E+08
31,12,1995,9,9,hru09           ,.143E+04,.113E+07,43.3,.120E+09
31,12,1995,10,10,hru10           ,3.58,.00,.111,.541E+06
31,12,1995,11,11,hru11           ,9.78,.00,.292,.148E+07
31,12,1995,12,12,hru12           ,2.12,.00,.652E-01,.321E+06
31,12,1995,13,13,hru13           ,.394E+04,.00,121.,.562E+09
31,1,1996,1,1,hru01           ,5.40,.153E+05,.611E+05,.616E+06
31,1,1996,2,2,hru02           ,3.43,.133E+05,.102E+06,.526E+06
31,1,1996,3,3,hru03           ,968.,.374E+07,.226E+08,.130E+09
31,1,1996,4,4,hru04           ,905.,.636E+06,.545E+07,.138E+09
31,1,1996,5,5,hru05           ,.209E+04,.431E+08,.212E+09,.201E+09
31,1,1996,6,6,hru06           ,536.,.207E+08,.112E+08,.469E+08
31,1,1996,7,7,hru07           ,619.,.554E+06,.833E+07,.104E+09
31,1,1996,8,8,hru08           ,615.,.140E+08,.612E+08,.589E+08
31,1,1996,9,9,hru09           ,.143E+04,.204E+08,.986E+08,.120E+09
31,1,1996,10,10,hru10           ,3.58,.386E+05,.273E+05,.360E+06
31,1,1996,11,11,hru11           ,9.78,.327E+04,.468E+05,.979E+06
31,1,1996,12,12,hru12           ,2.12,.259E+04,.425E+05,.212E+06
31,1,1996,13,13,hru13           ,.394E+04,.625E+08,.243E+07,.414E+09
29,2,1996,1,1,hru01           ,5.40,.469E+05,.205E+05,.878E+06
29,2,1996,2,2,hru02           ,3.43,.311E+05,.415E+05,.598E+06
29,2,1996,3,3,hru03           ,968.,.131E+08,.488E+08,.157E+09
29,2,1996,4,4,hru04           ,905.,.161E+07,.156E+07,.152E+09
29,2,1996,5,5,hru05           ,.209E+04,.634E+08,.889E+08,.166E+09
29,2,1996,6,6,hru06           ,536.,.477E+08,.133E+08,.399E+08
29,2,1996,7,7,hru07           ,619.,.156E+07,.245E+07,.104E+09
29,2,1996,8,8,hru08           ,615.,.206E+08,.251E+08,.486E+08
29,2,1996,9,9,hru09           ,.143E+04,.480E+08,.126E+09,.102E+09
29,2,1996,10,10,hru10           ,3.58,.862E+05,.103E+05,.617E+06
29,2,1996,11,11,hru11           ,9.78,.125E+05,.548E+05,.169E+07
29,2,1996,12,12,hru12           ,2.12,.708E+04,.304E+05,.362E+06
29,2,1996,13,13,hru13           ,.394E+04,.130E+09,113.,.682E+09
31,3,1996,1,1,hru01           ,5.40,.296E+04,.181E+05,.883E+06
31,3,1996,2,2,hru02           ,3.43,.316E+04,.562E+04,.570E+06
31,3,1996,3,3,hru03           ,968.,.247E+07,.122E+08,.160E+09
31,3,1996,4,4,hru04           ,905.,.199E+05,.176E+05,.131E+09
31,3,1996,5,5,hru05           ,.209E+04,.515E+08,.259E+08,.170E+09
31,3,1996,6,6,hru06           ,536.,.217E+08,.544E+05,.400E+08
31,3,1996,7,7,hru07           ,619.,.368E+05,19.2,.945E+08
31,3,1996,8,8,hru08           ,615.,.165E+08,.705E+07,.499E+08
31,3,1996,9,9,hru09           ,.143E+04,.352E+08,.205E+08,.102E+09
31,3,1996,10,10,hru10           ,3.58,.136E+04,411.,.412E+06
31,3,1996,11,11,hru11           ,9.78,518.,335.,.146E+07
31,3,1996,12,12,hru12           ,2.12,485.,.100E+04,.251E+06
31,3,1996,13,13,hru13           ,.394E+04,.305E+07,121.,.333E+09
30,4,1996,1,1,hru01           ,5.40,.273,.162,.734E+05
30,4,1996,2,2,hru02           ,3.43,.336,.103,.362E+05
30,4,1996,3,3,hru03           ,968.,436.,29.0,.243E+08
30,4,1996,4,4,hru04           ,905.,.00,27.1,.841E+07
30,4,1996,5,5,hru05           ,.209E+04,.139E+08,61.6,.148E+09
30,4,1996,6,6,hru06           ,536.,.227E+06,16.0,.338E+08
30,4,1996,7,7,hru07           ,619.,.00,18.6,.567E+07
30,4,1996,8,8,hru08           ,615.,.414E+07,18.1,.433E+08
30,4,1996,9,9,hru09           ,.143E+04,.121E+08,41.9,.862E+08
30,4,1996,10,10,hru10           ,3.58,.174E-01,.107,.319E+05
30,4,1996,11,11,hru11           ,9.78,.00,.283,.871E+05
30,4,1996,12,12,hru12           ,2.12,.644E-02,.631E-01,.189E+05
30,4,1996,13,13,hru13           ,.394E+04,49.6,117.,.410E+08
31,5,1996,1,1,hru01           ,5.40,.00,.167,.724E+05
31,5,1996,2,2,hru02           ,3.43,.00,.106,.320E+05
31,5,1996,3,3,hru03           ,968.,.00,30.0,.145E+08
31,5,1996,4,4,hru04           ,905.,.00,28.0,.673E+07
31,5,1996,5,5,hru05           ,.209E+04,.524E+05,63.7,.140E+09
31,5,1996,6,6,hru06           ,536.,4.78,16.6,.285E+08
31,5,1996,7,7,hru07           ,619.,.00,19.2,.437E+07
31,5,1996,8,8,hru08           ,615.,.112E+05,18.7,.410E+08
31,5,1996,9,9,hru09           ,.143E+04,.335E+06,43.3,.845E+08
31,5,1996,10,10,hru10           ,3.58,.00,.111,.208E+05
31,5,1996,11,11,hru11           ,9.78,.00,.292,.568E+05
31,5,1996,12,12,hru12           ,2.12,.00,.652E-01,.123E+05
31,5,1996,13,13,hru13           ,.394E+04,.00,121.,.265E+08
30,6,1996,1,1,hru01           ,5.40,.00,.162,.464
30,6,1996,2,2,hru02           ,3.43,.00,.103,.295
30,6,1996,3,3,hru03           ,968.,.00,29.0,.534E+07
30,6,1996,4,4,hru04           ,905.,.00,27.1,.00
30,6,1996,5,5,hru05           ,.209E+04,.00,61.6,.637E+08
30,6,1996,6,6,hru06           ,536.,.00,16.0,48.9
30,6,1996,7,7,hru07           ,619.,.00,18.6,.00
30,6,1996,8,8,hru08           ,615.,.00,18.1,.170E+08
30,6,1996,9,9,hru09           ,.143E+04,3.73,41.9,.650E+08
30,6,1996,10,10,hru10           ,3.58,.00,.107,.307
30,6,1996,11,11,hru11           ,9.78,.00,.283,.839
30,6,1996,12,12,hru12           ,2.12,.00,.631E-01,.182
30,6,1996,13,13,hru13           ,.394E+04,.00,117.,.219E+08
31,7,1996,1,1,hru01           ,5.40,.00,.167,.342E+05
31,7,1996,2,2,hru02           ,3.43,.00,.106,.305
31,7,1996,3,3,hru03           ,968.,.00,30.0,.00
31,7,1996,4,4,hru04           ,905.,.00,28.0,.00
31,7,1996,5,5,hru05           ,.209E+04,.00,63.7,197.
31,7,1996,6,6,hru06           ,536.,.00,16.6,50.5
31,7,1996,7,7,hru07           ,619.,.00,19.2,.00
31,7,1996,8,8,hru08           ,615.,.00,18.7,57.9
31,7,1996,9,9,hru09           ,.143E+04,.00,43.3,.323E+08
31,7,1996,10,10,hru10           ,3.58,.00,.111,.317
31,7,1996,11,11,hru11           ,9.78,.00,.292,.867
31,7,1996,12,12,hru12           ,2.12,.00,.652E-01,.188
31,7,1996,13,13,hru13           ,.394E+04,.00,121.,371.
31,8,1996,1,1,hru01           ,5.40,.00,.167,.479
31,8,1996,2,2,hru02           ,3.43,.00,.106,.305
31,8,1996,3,3,hru03           ,968.,.00,30.0,.00
31,8,1996,4,4,hru04           ,905.,.00,28.0,.00
31,8,1996,5,5,hru05           ,.209E+04,.00,63.7,197.
31,8,1996,6,6,hru06           ,536.,.00,16.6,50.5
31,8,1996,7,7,hru07           ,619.,.00,19.2,.00
31,8,1996,8,8,hru08           ,615.,.00,18.7,57.8
31,8,1996,9,9,hru09           ,.143E+04,.00,43.3,135.
31,8,1996,10,10,hru10           ,3.58,.00,.111,.317
31,8,1996,11,11,hru11           ,9.78,.00,.292,.867
31,8,1996,12,12,hru12           ,2.12,.00,.652E-01,.188
31,8,1996,13,13,hru13           ,.394E+04,.00,121.,371.
30,9,1996,1,1,hru01           ,5.40,.00,.162,.417
30,9,1996,2,2,hru02           ,3.43,.00,.103,.982E-01
30,9,1996,3,3,hru03           ,968.,.00,29.0,.00
30,9,1996,4,4,hru04           ,905.,.00,27.1,.476E+07
30,9,1996,5,5,hru05           ,.209E+04,.00,61.6,187.
30,9,1996,6,6,hru06           ,536.,.00,16.0,48.0
30,9,1996,7,7,hru07           ,619.,.00,18.6,.00
30,9,1996,8,8,hru08           ,615.,.00,18.1,54.7
30,9,1996,9,9,hru09           ,.143E+04,.00,41.9,129.
30,9,1996,10,10,hru10           ,3.58,.00,.107,.307
30,9,1996,11,11,hru11           ,9.78,.00,.283,.839
30,9,1996,12,12,hru12           ,2.12,.00,.631E-01,.182
30,9,1996,13,13,hru13           ,.394E+04,.00,117.,359.
31,10,1996,1,1,hru01           ,5.40,.00,.167,.233E+05
31,10,1996,2,2,hru02           ,3.43,.00,.106,.158E+05
31,10,1996,3,3,hru03           ,968.,.00,30.0,.516E+07
31,10,1996,4,4,hru04           ,905.,.00,28.0,.375E+07
31,10,1996,5,5,hru05           ,.209E+04,.00,63.7,.155E+08
31,10,1996,6,6,hru06           ,536.,.00,16.6,.521E+07
31,10,1996,7,7,hru07           ,619.,.00,19.2,.238E+07
31,10,1996,8,8,hru08           ,615.,.00,18.7,.456E+07
31,10,1996,9,9,hru09           ,.143E+04,.00,43.3,.135E+08
31,10,1996,10,10,hru10           ,3.58,.00,.111,.231E+05
31,10,1996,11,11,hru11           ,9.78,.00,.292,.632E+05
31,10,1996,12,12,hru12           ,2.12,.00,.652E-01,.137E+05
31,10,1996,13,13,hru13           ,.394E+04,.00,121.,.378E+08
30,11,1996,1,1,hru01           ,5.40,232.,672.,.499E+06
30,11,1996,2,2,hru02           ,3.43,61.4,.103,.297E+06
30,11,1996,3,3,hru03           ,968.,.118E+06,.220E+06,.901E+08
30,11,1996,4,4,hru04           ,905.,.00,27.1,.884E+08
30,11,1996,5,5,hru05           ,.209E+04,.358E+06,61.6,.959E+08
30,11,1996,6,6,hru06           ,536.,.327E+06,16.0,.207E+08
30,11,1996,7,7,hru07           ,619.,.00,18.6,.646E+08
30,11,1996,8,8,hru08           ,615.,.118E+06,18.1,.281E+08
30,11,1996,9,9,hru09           ,.143E+04,.299E+06,41.9,.608E+08
30,11,1996,10,10,hru10           ,3.58,.00,.107,.253E+06
30,11,1996,11,11,hru11           ,9.78,.00,.283,.687E+06
30,11,1996,12,12,hru12           ,2.12,.00,.631E-01,.150E+06
30,11,1996,13,13,hru13           ,.394E+04,.00,117.,.334E+09
31,12,1996,1,1,hru01           ,5.40,13.2,.186E+04,.670E+06
31,12,1996,2,2,hru02           ,3.43,3.98,.413E+04,.395E+06
31,12,1996,3,3,hru03           ,968.,.745E+04,.503E+05,.123E+09
31,12,1996,4,4,hru04           ,905.,.306E+05,.197E+07,.111E+09
31,12,1996,5,5,hru05           ,.209E+04,.347E+06,63.7,.213E+09
31,12,1996,6,6,hru06           ,536.,.259E+06,16.6,.462E+08
31,12,1996,7,7,hru07           ,619.,.231E+04,.579E+06,.653E+08
31,12,1996,8,8,hru08           ,615.,.115E+06,18.7,.626E+08
31,12,1996,9,9,hru09           ,.143E+04,.161E+06,43.3,.120E+09
31,12,1996,10,10,hru10           ,3.58,.00,.111,.275E+06
31,12,1996,11,11,hru11           ,9.78,.00,.292,.755E+06
31,12,1996,12,12,hru12           ,2.12,.00,.652E-01,.163E+06
31,12,1996,13,13,hru13           ,.394E+04,.00,121.,.279E+09
31,1,1997,1,1,hru01           ,5.40,.469E+04,.960E+04,.964E+06
31,1,1997,2,2,hru02           ,3.43,.899E+04,.289E+05,.655E+06
31,1,1997,3,3,hru03           ,968.,.242E+07,.126E+08,.174E+09
31,1,1997,4,4,hru04           ,905.,.301E+06,.152E+07,.167E+09
31,1,1997,5,5,hru05           ,.209E+04,.360E+08,.793E+08,.181E+09
31,1,1997,6,6,hru06           ,536.,.252E+08,.328E+07,.408E+08
31,1,1997,7,7,hru07           ,619.,.193E+06,.252E+07,.114E+09
31,1,1997,8,8,hru08           ,615.,.118E+08,.228E+08,.530E+08
31,1,1997,9,9,hru09           ,.143E+04,.205E+08,.449E+08,.115E+09
31,1,1997,10,10,hru10           ,3.58,.130E+05,.508E+04,.675E+06
31,1,1997,11,11,hru11           ,9.78,.122E+04,.728E+04,.183E+07
31,1,1997,12,12,hru12           ,2.12,.124E+04,.887E+04,.400E+06
31,1,1997,13,13,hru13           ,.394E+04,.307E+08,121.,.754E+09
28,2,1997,1,1,hru01           ,5.40,.464E+05,.151E+06,.840E+06
28,2,1997,2,2,hru02           ,3.43,.361E+05,.171E+06,.570E+06
28,2,1997,3,3,hru03           ,968.,.142E+08,.968E+08,.150E+09
28,2,1997,4,4,hru04           ,905.,.264E+07,.262E+08,.146E+09
28,2,1997,5,5,hru05           ,.209E+04,.650E+08,.225E+09,.156E+09
28,2,1997,6,6,hru06           ,536.,.512E+08,.264E+08,.348E+08
28,2,1997,7,7,hru07           ,619.,.152E+07,.219E+08,.997E+08
28,2,1997,8,8,hru08           ,615.,.211E+08,.651E+08,.456E+08
28,2,1997,9,9,hru09           ,.143E+04,.459E+08,.143E+09,.979E+08
28,2,1997,10,10,hru10           ,3.58,.700E+05,.164E+05,.588E+06
28,2,1997,11,11,hru11           ,9.78,.715E+04,.335E+05,.160E+07
28,2,1997,12,12,hru12           ,2.12,.620E+04,.369E+05,.346E+06
28,2,1997,13,13,hru13           ,.394E+04,.129E+09,.430E+06,.652E+09
31,3,1997,1,1,hru01           ,5.40,.881E+04,.118E+05,.922E+06
31,3,1997,2,2,hru02           ,3.43,.380E+04,.478E+04,.619E+06
31,3,1997,3,3,hru03           ,968.,.325E+07,.290E+07,.161E+09
31,3,1997,4,4,hru04           ,905.,.143E+06,28.0,.160E+09
31,3,1997,5,5,hru05           ,.209E+04,.479E+08,.925E+07,.170E+09
31,3,1997,6,6,hru06           ,536.,.280E+08,.866E+05,.372E+08
31,3,1997,7,7,hru07           ,619.,.848E+05,.377E+05,.109E+09
31,3,1997,8,8,hru08           ,615.,.153E+08,.241E+07,.499E+08
31,3,1997,9,9,hru09           ,.143E+04,.358E+08,.155E+08,.105E+09
31,3,1997,10,10,hru10           ,3.58,.170E+04,527.,.520E+06
31,3,1997,11,11,hru11           ,9.78,356.,185.,.169E+07
31,3,1997,12,12,hru12           ,2.12,702.,.183E+04,.308E+06
31,3,1997,13,13,hru13           ,.394E+04,.644E+07,121.,.566E+09
30,4,1997,1,1,hru01           ,5.40,.499,.238E+05,.313E+06
30,4,1997,2,2,hru02           ,3.43,.203,.865E+04,.280E+06
30,4,1997,3,3,hru03           ,968.,.331E+05,.761E+07,.900E+08
30,4,1997,4,4,hru04           ,905.,.00,.161E+07,.699E+08
30,4,1997,5,5,hru05           ,.209E+04,.374E+08,.876E+07,.139E+09
30,4,1997,6,6,hru06           ,536.,.127E+08,.470E+06,.304E+08
30,4,1997,7,7,hru07           ,619.,.00,.179E+07,.371E+08
30,4,1997,8,8,hru08           ,615.,.118E+08,.221E+07,.408E+08
30,4,1997,9,9,hru09           ,.143E+04,.268E+08,.151E+08,.855E+08
30,4,1997,10,10,hru10           ,3.58,.217E-01,565.,.178E+06
30,4,1997,11,11,hru11           ,9.78,.00,.137E+04,.485E+06
30,4,1997,12,12,hru12           ,2.12,43.0,395.,.105E+06
30,4,1997,13,13,hru13           ,.394E+04,.387E+06,117.,.176E+09
31,5,1997,1,1,hru01           ,5.40,.00,.167,.116E+06
31,5,1997,2,2,hru02           ,3.43,.00,.106,.305
31,5,1997,3,3,hru03           ,968.,.00,30.0,.00
31,5,1997,4,4,hru04           ,905.,.00,28.0,.00
31,5,1997,5,5,hru05           ,.209E+04,.123E+08,63.7,.129E+09
31,5,1997,6,6,hru06           ,536.,.394E+06,16.6,.278E+08
31,5,1997,7,7,hru07           ,619.,.00,19.2,.284E+07
31,5,1997,8,8,hru08           ,615.,.360E+07,18.7,.378E+08
31,5,1997,9,9,hru09           ,.143E+04,.853E+07,43.3,.785E+08
31,5,1997,10,10,hru10           ,3.58,.00,.111,.161E+05
31,5,1997,11,11,hru11           ,9.78,.00,.292,.439E+05
31,5,1997,12,12,hru12           ,2.12,.00,.652E-01,.951E+04
31,5,1997,13,13,hru13           ,.394E+04,10.9,121.,371.
30,6,1997,1,1,hru01           ,5.40,.00,.162,.464
30,6,1997,2,2,hru02           ,3.43,.00,.103,.295
30,6,1997,3,3,hru03           ,968.,.00,29.0,.00
30,6,1997,4,4,hru04           ,905.,.00,27.1,.00
30,6,1997,5,5,hru05           ,.209E+04,.195E+05,61.6,.127E+09
30,6,1997,6,6,hru06           ,536.,6.47,16.0,.264E+08
30,6,1997,7,7,hru07           ,619.,.00,18.6,.00
30,6,1997,8,8,hru08           ,615.,.382E+04,18.1,.372E+08
30,6,1997,9,9,hru09           ,.143E+04,.210E+05,41.9,.779E+08
30,6,1997,10,10,hru10           ,3.58,.00,.107,.307
30,6,1997,11,11,hru11           ,9.78,.00,.283,.839
30,6,1997,12,12,hru12           ,2.12,.00,.631E-01,.182
30,6,1997,13,13,hru13           ,.394E+04,.00,117.,359.
31,7,1997,1,1,hru01           ,5.40,.00,.167,.327E+05
31,7,1997,2,2,hru02           ,3.43,.00,.106,.305
31,7,1997,3,3,hru03           ,968.,.00,30.0,.00
31,7,1997,4,4,hru04           ,905.,.00,28.0,.00
31,7,1997,5,5,hru05           ,.209E+04,.00,63.7,.477E+08
31,7,1997,6,6,hru06           ,536.,.00,16.6,50.5
31,7,1997,7,7,hru07           ,619.,.00,19.2,.00
31,7,1997,8,8,hru08           ,615.,.00,18.7,.122E+08
31,7,1997,9,9,hru09           ,.143E+04,.00,43.3,.612E+08
31,7,1997,10,10,hru10           ,3.58,.00,.111,.317
31,7,1997,11,11,hru11           ,9.78,.00,.292,.867
31,7,1997,12,12,hru12           ,2.12,.00,.652E-01,.188
31,7,1997,13,13,hru13           ,.394E+04,.00,121.,371.
31,8,1997,1,1,hru01           ,5.40,.00,.167,.479
31,8,1997,2,2,hru02           ,3.43,.00,.106,.305
31,8,1997,3,3,hru03           ,968.,.00,30.0,.00
31,8,1997,4,4,hru04           ,905.,.00,28.0,.00
31,8,1997,5,5,hru05           ,.209E+04,.00,63.7,197.
31,8,1997,6,6,hru06           ,536.,.00,16.6,50.5
31,8,1997,7,7,hru07           ,619.,.00,19.2,.00
31,8,1997,8,8,hru08           ,615.,.00,18.7,57.9
31,8,1997,9,9,hru09           ,.143E+04,.00,43.3,135.
31,8,1997,10,10,hru10           ,3.58,.00,.111,.317
31,8,1997,11,11,hru11           ,9.78,.00,.292,.867
31,8,1997,12,12,hru12           ,2.12,.00,.652E-01,.188
31,8,1997,13,13,hru13           ,.394E+04,.00,121.,371.
30,9,1997,1,1,hru01           ,5.40,.00,.162,.465E+05
30,9,1997,2,2,hru02           ,3.43,.00,.103,.439E+05
30,9,1997,3,3,hru03           ,968.,.00,29.0,.111E+08
30,9,1997,4,4,hru04           ,905.,.00,27.1,.848E+07
30,9,1997,5,5,hru05           ,.209E+04,.00,61.6,.268E+08
30,9,1997,6,6,hru06           ,536.,.00,16.0,.467E+07
30,9,1997,7,7,hru07           ,619.,.00,18.6,.752E+07
30,9,1997,8,8,hru08           ,615.,.00,18.1,.785E+07
30,9,1997,9,9,hru09           ,.143E+04,.00,41.9,.167E+08
30,9,1997,10,10,hru10           ,3.58,.00,.107,.221E+05
30,9,1997,11,11,hru11           ,9.78,.00,.283,.603E+05
30,9,1997,12,12,hru12           ,2.12,.00,.631E-01,.131E+05
30,9,1997,13,13,hru13           ,.394E+04,.00,117.,.274E+08
31,10,1997,1,1,hru01           ,5.40,.00,127.,.189E+06
31,10,1997,2,2,hru02           ,3.43,.00,.170E+04,.149E+06
31,10,1997,3,3,hru03           ,968.,.00,.132E+07,.324E+08
31,10,1997,4,4,hru04           ,905.,.00,.256E+06,.247E+08
31,10,1997,5,5,hru05           ,.209E+04,.00,63.7,.920E+08
31,10,1997,6,6,hru06           ,536.,.00,16.6,.192E+08
31,10,1997,7,7,hru07           ,619.,.00,.181E+06,.170E+08
31,10,1997,8,8,hru08           ,615.,.00,18.7,.270E+08
31,10,1997,9,9,hru09           ,.143E+04,.00,43.3,.465E+08
31,10,1997,10,10,hru10           ,3.58,.00,.111,.954E+05
31,10,1997,11,11,hru11           ,9.78,.00,.292,.261E+06
31,10,1997,12,12,hru12           ,2.12,.00,.652E-01,.565E+05
31,10,1997,13,13,hru13           ,.394E+04,.00,121.,.948E+08
30,11,1997,1,1,hru01           ,5.40,.00,.162,.445E+06
30,11,1997,2,2,hru02           ,3.43,5.45,.103,.237E+06
30,11,1997,3,3,hru03           ,968.,.00,29.0,.786E+08
30,11,1997,4,4,hru04           ,905.,.00,27.1,.613E+08
30,11,1997,5,5,hru05           ,.209E+04,.104E+06,61.6,.116E+09
30,11,1997,6,6,hru06           ,536.,.132E+06,16.0,.254E+08
30,11,1997,7,7,hru07           ,619.,.00,18.6,.413E+08
30,11,1997,8,8,hru08           ,615.,.344E+05,18.1,.341E+08
30,11,1997,9,9,hru09           ,.143E+04,.576E+05,41.9,.725E+08
30,11,1997,10,10,hru10           ,3.58,.00,.107,.188E+06
30,11,1997,11,11,hru11           ,9.78,.00,.283,.513E+06
30,11,1997,12,12,hru12           ,2.12,.00,.631E-01,.111E+06
30,11,1997,13,13,hru13           ,.394E+04,.00,117.,.207E+09
31,12,1997,1,1,hru01           ,5.40,.00,74.0,.514E+06
31,12,1997,2,2,hru02           ,3.43,13.0,.548E+04,.427E+06
31,12,1997,3,3,hru03           ,968.,.00,.703E+06,.107E+09
31,12,1997,4,4,hru04           ,905.,.00,.235E+07,.109E+09
31,12,1997,5,5,hru05           ,.209E+04,.267E+06,63.7,.217E+09
31,12,1997,6,6,hru06           ,536.,.141E+06,16.6,.514E+08
31,12,1997,7,7,hru07           ,619.,.00,.295E+07,.557E+08
31,12,1997,8,8,hru08           ,615.,.880E+05,18.7,.636E+08
31,12,1997,9,9,hru09           ,.143E+04,.138E+06,43.3,.131E+09
31,12,1997,10,10,hru10           ,3.58,.00,.111,.145E+06
31,12,1997,11,11,hru11           ,9.78,.00,.292,.397E+06
31,12,1997,12,12,hru12           ,2.12,.00,.652E-01,.862E+05
31,12,1997,13,13,hru13           ,.394E+04,.00,121.,.223E+09
31,1,1998,1,1,hru01           ,5.40,451.,.407E+05,.727E+06
31,1,1998,2,2,hru02           ,3.43,680.,.318E+05,.374E+06
31,1,1998,3,3,hru03           ,968.,.154E+06,.868E+07,.129E+09
31,1,1998,4,4,hru04           ,905.,.372E+05,.179E+08,.155E+09
31,1,1998,5,5,hru05           ,.209E+04,.162E+07,.334E+07,.166E+09
31,1,1998,6,6,hru06           ,536.,.751E+06,16.6,.486E+08
31,1,1998,7,7,hru07           ,619.,.235E+05,.137E+08,.998E+08
31,1,1998,8,8,hru08           ,615.,.534E+06,.981E+06,.487E+08
31,1,1998,9,9,hru09           ,.143E+04,.100E+07,.292E+07,.120E+09
31,1,1998,10,10,hru10           ,3.58,.260E+04,.132E+05,.302E+06
31,1,1998,11,11,hru11           ,9.78,207.,.295E+05,.825E+06
31,1,1998,12,12,hru12           ,2.12,129.,.100E+05,.179E+06
31,1,1998,13,13,hru13           ,.394E+04,.286E+07,121.,.360E+09
28,2,1998,1,1,hru01           ,5.40,.356E+04,.685E+05,.849E+06
28,2,1998,2,2,hru02           ,3.43,.605E+04,.872E+05,.580E+06
28,2,1998,3,3,hru03           ,968.,.179E+07,.202E+08,.169E+09
28,2,1998,4,4,hru04           ,905.,.221E+06,.125E+08,.147E+09
28,2,1998,5,5,hru05           ,.209E+04,.391E+08,.372E+08,.152E+09
28,2,1998,6,6,hru06           ,536.,.109E+08,.277E+07,.435E+08
28,2,1998,7,7,hru07           ,619.,.145E+06,.883E+07,.915E+08
28,2,1998,8,8,hru08           ,615.,.127E+08,.109E+08,.447E+08
28,2,1998,9,9,hru09           ,.143E+04,.262E+08,.262E+08,.108E+09
28,2,1998,10,10,hru10           ,3.58,.983E+04,.410E+05,.515E+06
28,2,1998,11,11,hru11           ,9.78,.101E+04,.877E+05,.147E+07
28,2,1998,12,12,hru12           ,2.12,.132E+04,.328E+05,.298E+06
28,2,1998,13,13,hru13           ,.394E+04,.440E+08,.591E+07,.580E+09
31,3,1998,1,1,hru01           ,5.40,297.,.147E+04,.552E+06
31,3,1998,2,2,hru02           ,3.43,1.38,24.1,.424E+06
31,3,1998,3,3,hru03           ,968.,630.,.132E+05,.113E+09
31,3,1998,4,4,hru04           ,905.,9.32,.160E+06,.909E+08
31,3,1998,5,5,hru05           ,.209E+04,.273E+08,63.7,.168E+09
31,3,1998,6,6,hru06           ,536.,.617E+05,16.6,.479E+08
31,3,1998,7,7,hru07           ,619.,.142E+05,.110E+06,.719E+08
31,3,1998,8,8,hru08           ,615.,.866E+07,18.7,.492E+08
31,3,1998,9,9,hru09           ,.143E+04,.128E+08,43.3,.118E+09
31,3,1998,10,10,hru10           ,3.58,.551,.111,.245E+06
31,3,1998,11,11,hru11           ,9.78,.290E-01,.292,.670E+06
31,3,1998,12,12,hru12           ,2.12,.324,.652E-01,.145E+06
31,3,1998,13,13,hru13           ,.394E+04,.683E+06,121.,.314E+09
30,4,1998,1,1,hru01           ,5.40,1.92,.162,.650E+05
30,4,1998,2,2,hru02           ,3.43,.00,.103,.419E+05
30,4,1998,3,3,hru03           ,968.,.00,29.0,.116E+08
30,4,1998,4,4,hru04           ,905.,.00,27.1,.554E+07
30,4,1998,5,5,hru05           ,.209E+04,.183E+08,61.6,.147E+09
30,4,1998,6,6,hru06           ,536.,.00,16.0,.404E+08
30,4,1998,7,7,hru07           ,619.,106.,18.6,.786E+07
30,4,1998,8,8,hru08           ,615.,.561E+07,18.1,.431E+08
30,4,1998,9,9,hru09           ,.143E+04,.545E+07,41.9,.997E+08
30,4,1998,10,10,hru10           ,3.58,.00,.107,.279E+05
30,4,1998,11,11,hru11           ,9.78,.00,.283,.761E+05
30,4,1998,12,12,hru12           ,2.12,.00,.631E-01,.165E+05
30,4,1998,13,13,hru13           ,.394E+04,.353E+04,117.,.437E+08
31,5,1998,1,1,hru01           ,5.40,.00,.167,.456E+05
31,5,1998,2,2,hru02           ,3.43,.00,.106,.857E+04
31,5,1998,3,3,hru03           ,968.,.00,30.0,.725E+07
31,5,1998,4,4,hru04           ,905.,.00,28.0,.517E+07
31,5,1998,5,5,hru05           ,.209E+04,.349E+06,63.7,.136E+09
31,5,1998,6,6,hru06           ,536.,.00,16.6,.723E+07
31,5,1998,7,7,hru07           ,619.,.00,19.2,.00
31,5,1998,8,8,hru08           ,615.,.644E+05,18.7,.399E+08
31,5,1998,9,9,hru09           ,.143E+04,.641E+04,43.3,.946E+08
31,5,1998,10,10,hru10           ,3.58,.00,.111,.140E+05
31,5,1998,11,11,hru11           ,9.78,.00,.292,.383E+05
31,5,1998,12,12,hru12           ,2.12,.00,.652E-01,.829E+04
31,5,1998,13,13,hru13           ,.394E+04,.00,121.,.547E+07
30,6,1998,1,1,hru01           ,5.40,.00,.162,.464
30,6,1998,2,2,hru02           ,3.43,.00,.103,.295
30,6,1998,3,3,hru03           ,968.,.00,29.0,.00
30,6,1998,4,4,hru04           ,905.,.00,27.1,.00
30,6,1998,5,5,hru05           ,.209E+04,2.15,61.6,.800E+08
30,6,1998,6,6,hru06           ,536.,.00,16.0,48.9
30,6,1998,7,7,hru07           ,619.,.00,18.6,.00
30,6,1998,8,8,hru08           ,615.,.00,18.1,.220E+08
30,6,1998,9,9,hru09           ,.143E+04,.00,41.9,.250E+08
30,6,1998,10,10,hru10           ,3.58,.00,.107,.307
30,6,1998,11,11,hru11           ,9.78,.00,.283,.839
30,6,1998,12,12,hru12           ,2.12,.00,.631E-01,.182
30,6,1998,13,13,hru13           ,.394E+04,.00,117.,359.
31,7,1998,1,1,hru01           ,5.40,.00,.167,.149E+05
31,7,1998,2,2,hru02           ,3.43,.00,.106,.884E-01
31,7,1998,3,3,hru03           ,968.,.00,30.0,.00
31,7,1998,4,4,hru04           ,905.,.00,28.0,.00
31,7,1998,5,5,hru05           ,.209E+04,.00,63.7,197.
31,7,1998,6,6,hru06           ,536.,.00,16.6,50.5
31,7,1998,7,7,hru07           ,619.,.00,19.2,.00
31,7,1998,8,8,hru08           ,615.,.00,18.7,57.9
31,7,1998,9,9,hru09           ,.143E+04,.00,43.3,135.
31,7,1998,10,10,hru10           ,3.58,.00,.111,.317
31,7,1998,11,11,hru11           ,9.78,.00,.292,.867
31,7,1998,12,12,hru12           ,2.12,.00,.652E-01,.188
31,7,1998,13,13,hru13           ,.394E+04,.00,121.,371.
31,8,1998,1,1,hru01           ,5.40,.00,.167,.141E+05
31,8,1998,2,2,hru02           ,3.43,.00,.106,.00
31,8,1998,3,3,hru03           ,968.,.00,30.0,.00
31,8,1998,4,4,hru04           ,905.,.00,28.0,.00
31,8,1998,5,5,hru05           ,.209E+04,.00,63.7,197.
31,8,1998,6,6,hru06           ,536.,.00,16.6,50.4
31,8,1998,7,7,hru07           ,619.,.00,19.2,.00
31,8,1998,8,8,hru08           ,615.,.00,18.7,57.8
31,8,1998,9,9,hru09           ,.143E+04,.00,43.3,134.
31,8,1998,10,10,hru10           ,3.58,.00,.111,.317
31,8,1998,11,11,hru11           ,9.78,.00,.292,.867
31,8,1998,12,12,hru12           ,2.12,.00,.652E-01,.188
31,8,1998,13,13,hru13           ,.394E+04,.00,121.,371.
30,9,1998,1,1,hru01           ,5.40,.00,.162,.296E+05
30,9,1998,2,2,hru02           ,3.43,.00,.103,.203E+05
30,9,1998,3,3,hru03           ,968.,.00,29.0,.615E+07
30,9,1998,4,4,hru04           ,905.,.00,27.1,.554E+07
30,9,1998,5,5,hru05           ,.209E+04,.00,61.6,.124E+08
30,9,1998,6,6,hru06           ,536.,.00,16.0,48.6
30,9,1998,7,7,hru07           ,619.,.00,18.6,.386E+07
30,9,1998,8,8,hru08           ,615.,.00,18.1,.364E+07
30,9,1998,9,9,hru09           ,.143E+04,.00,41.9,.111E+08
30,9,1998,10,10,hru10           ,3.58,.00,.107,.133
30,9,1998,11,11,hru11           ,9.78,.00,.283,.364
30,9,1998,12,12,hru12           ,2.12,.00,.631E-01,.788E-01
30,9,1998,13,13,hru13           ,.394E+04,.00,117.,359.
31,10,1998,1,1,hru01           ,5.40,.00,.534E+04,.172E+06
31,10,1998,2,2,hru02           ,3.43,.00,.106,.135E+06
31,10,1998,3,3,hru03           ,968.,.00,.209E+07,.350E+08
31,10,1998,4,4,hru04           ,905.,.00,28.0,.309E+08
31,10,1998,5,5,hru05           ,.209E+04,.00,63.7,.826E+08
31,10,1998,6,6,hru06           ,536.,.00,16.6,.181E+08
31,10,1998,7,7,hru07           ,619.,.00,.299E+06,.179E+08
31,10,1998,8,8,hru08           ,615.,.00,18.7,.242E+08
31,10,1998,9,9,hru09           ,.143E+04,.00,43.3,.404E+08
31,10,1998,10,10,hru10           ,3.58,.00,.111,.105E+06
31,10,1998,11,11,hru11           ,9.78,.00,.292,.288E+06
31,10,1998,12,12,hru12           ,2.12,.00,.652E-01,.623E+05
31,10,1998,13,13,hru13           ,.394E+04,.00,121.,.123E+09
30,11,1998,1,1,hru01           ,5.40,.00,.244E+04,.352E+06
30,11,1998,2,2,hru02           ,3.43,51.8,.279E+04,.243E+06
30,11,1998,3,3,hru03           ,968.,.292E+05,29.0,.751E+08
30,11,1998,4,4,hru04           ,905.,.966E+04,.232E+06,.646E+08
30,11,1998,5,5,hru05           ,.209E+04,.381E+06,61.6,.772E+08
30,11,1998,6,6,hru06           ,536.,.459E+06,16.0,.252E+08
30,11,1998,7,7,hru07           ,619.,.00,18.6,.502E+08
30,11,1998,8,8,hru08           ,615.,.125E+06,18.1,.226E+08
30,11,1998,9,9,hru09           ,.143E+04,.524E+06,41.9,.648E+08
30,11,1998,10,10,hru10           ,3.58,517.,606.,.290E+06
30,11,1998,11,11,hru11           ,9.78,.00,.153E+04,.792E+06
30,11,1998,12,12,hru12           ,2.12,55.7,400.,.172E+06
30,11,1998,13,13,hru13           ,.394E+04,.296E+07,117.,.349E+09
31,12,1998,1,1,hru01           ,5.40,.171E+04,302.,.937E+06
31,12,1998,2,2,hru02           ,3.43,.129E+04,449.,.639E+06
31,12,1998,3,3,hru03           ,968.,.212E+06,.110E+06,.173E+09
31,12,1998,4,4,hru04           ,905.,.187E+06,.927E+04,.166E+09
31,12,1998,5,5,hru05           ,.209E+04,.815E+07,.237E+07,.172E+09
31,12,1998,6,6,hru06           ,536.,.562E+07,.162E+06,.462E+08
31,12,1998,7,7,hru07           ,619.,.837E+05,.138E+06,.114E+09
31,12,1998,8,8,hru08           ,615.,.268E+07,.680E+06,.503E+08
31,12,1998,9,9,hru09           ,.143E+04,.682E+07,.331E+07,.122E+09
31,12,1998,10,10,hru10           ,3.58,.375E+04,.457E+04,.665E+06
31,12,1998,11,11,hru11           ,9.78,260.,.110E+05,.180E+07
31,12,1998,12,12,hru12           ,2.12,217.,.332E+04,.391E+06
31,12,1998,13,13,hru13           ,.394E+04,.346E+07,121.,.741E+09
31,1,1999,1,1,hru01           ,5.40,.404E+05,.234E+06,.956E+06
31,1,1999,2,2,hru02           ,3.43,.167E+05,.124E+06,.650E+06
31,1,1999,3,3,hru03           ,968.,.648E+07,.247E+08,.174E+09
31,1,1999,4,4,hru04           ,905.,.832E+06,.964E+07,.168E+09
31,1,1999,5,5,hru05           ,.209E+04,.646E+08,.243E+09,.156E+09
31,1,1999,6,6,hru06           ,536.,.477E+08,.273E+08,.430E+08
31,1,1999,7,7,hru07           ,619.,.369E+06,.464E+07,.115E+09
31,1,1999,8,8,hru08           ,615.,.210E+08,.700E+08,.457E+08
31,1,1999,9,9,hru09           ,.143E+04,.437E+08,.175E+09,.116E+09
31,1,1999,10,10,hru10           ,3.58,.317E+05,.586E+05,.669E+06
31,1,1999,11,11,hru11           ,9.78,.143E+04,.109E+06,.183E+07
31,1,1999,12,12,hru12           ,2.12,.356E+04,.582E+05,.394E+06
31,1,1999,13,13,hru13           ,.394E+04,.704E+08,.213E+07,.745E+09
28,2,1999,1,1,hru01           ,5.40,.814E+05,.205E+06,.823E+06
28,2,1999,2,2,hru02           ,3.43,.361E+05,.115E+06,.562E+06
28,2,1999,3,3,hru03           ,968.,.117E+08,.321E+08,.148E+09
28,2,1999,4,4,hru04           ,905.,.303E+07,.268E+08,.144E+09
28,2,1999,5,5,hru05           ,.209E+04,.698E+08,.240E+09,.135E+09
28,2,1999,6,6,hru06           ,536.,.474E+08,.157E+08,.370E+08
28,2,1999,7,7,hru07           ,619.,.248E+07,.301E+08,.985E+08
28,2,1999,8,8,hru08           ,615.,.226E+08,.689E+08,.394E+08
28,2,1999,9,9,hru09           ,.143E+04,.463E+08,.148E+09,.100E+09
28,2,1999,10,10,hru10           ,3.58,.202E+05,.357E+04,.578E+06
28,2,1999,11,11,hru11           ,9.78,.155E+04,.439E+04,.158E+07
28,2,1999,12,12,hru12           ,2.12,.313E+04,.101E+05,.340E+06
28,2,1999,13,13,hru13           ,.394E+04,.471E+08,110.,.638E+09
31,3,1999,1,1,hru01           ,5.40,.265E+05,.142E+06,.917E+06
31,3,1999,2,2,hru02           ,3.43,.751E+04,.269E+05,.614E+06
31,3,1999,3,3,hru03           ,968.,.442E+07,.930E+07,.163E+09
31,3,1999,4,4,hru04           ,905.,.494E+06,.383E+06,.160E+09
31,3,1999,5,5,hru05           ,.209E+04,.565E+08,.461E+08,.148E+09
31,3,1999,6,6,hru06           ,536.,.287E+08,.249E+07,.399E+08
31,3,1999,7,7,hru07           ,619.,.460E+06,.315E+07,.110E+09
31,3,1999,8,8,hru08           ,615.,.182E+08,.126E+08,.433E+08
31,3,1999,9,9,hru09           ,.143E+04,.377E+08,.424E+07,.109E+09
31,3,1999,10,10,hru10           ,3.58,37.6,.111,.378E+06
31,3,1999,11,11,hru11           ,9.78,4.00,.292,.128E+07
31,3,1999,12,12,hru12           ,2.12,68.7,.652E-01,.216E+06
31,3,1999,13,13,hru13           ,.394E+04,.135E+06,121.,.311E+09
30,4,1999,1,1,hru01           ,5.40,13.8,.162,.318E+06
30,4,1999,2,2,hru02           ,3.43,3.98,.103,.230E+06
30,4,1999,3,3,hru03           ,968.,.784E+04,29.0,.920E+08
30,4,1999,4,4,hru04           ,905.,11.6,27.1,.714E+08
30,4,1999,5,5,hru05           ,.209E+04,.356E+08,61.6,.128E+09
30,4,1999,6,6,hru06           ,536.,.185E+07,16.0,.343E+08
30,4,1999,7,7,hru07           ,619.,33.8,18.6,.541E+08
30,4,1999,8,8,hru08           ,615.,.112E+08,18.1,.376E+08
30,4,1999,9,9,hru09           ,.143E+04,.207E+08,41.9,.931E+08
30,4,1999,10,10,hru10           ,3.58,.00,.107,.673E+05
30,4,1999,11,11,hru11           ,9.78,.00,.283,.184E+06
30,4,1999,12,12,hru12           ,2.12,.00,.631E-01,.399E+05
30,4,1999,13,13,hru13           ,.394E+04,.00,117.,.809E+08
31,5,1999,1,1,hru01           ,5.40,.00,.167,.235E+05
31,5,1999,2,2,hru02           ,3.43,.00,.106,.305
31,5,1999,3,3,hru03           ,968.,.00,30.0,.00
31,5,1999,4,4,hru04           ,905.,.00,28.0,.00
31,5,1999,5,5,hru05           ,.209E+04,.969E+07,63.7,.115E+09
31,5,1999,6,6,hru06           ,536.,81.5,16.6,.306E+08
31,5,1999,7,7,hru07           ,619.,.00,19.2,.00
31,5,1999,8,8,hru08           ,615.,.278E+07,18.7,.339E+08
31,5,1999,9,9,hru09           ,.143E+04,.382E+07,43.3,.831E+08
31,5,1999,10,10,hru10           ,3.58,.00,.111,.317
31,5,1999,11,11,hru11           ,9.78,.00,.292,.867
31,5,1999,12,12,hru12           ,2.12,.00,.652E-01,.188
31,5,1999,13,13,hru13           ,.394E+04,.00,121.,371.
30,6,1999,1,1,hru01           ,5.40,.00,.162,.711E+04
30,6,1999,2,2,hru02           ,3.43,.00,.103,.295
30,6,1999,3,3,hru03           ,968.,.00,29.0,.00
30,6,1999,4,4,hru04           ,905.,.00,27.1,.00
30,6,1999,5,5,hru05           ,.209E+04,.119E+05,61.6,.995E+08
30,6,1999,6,6,hru06           ,536.,.00,16.0,.806E+07
30,6,1999,7,7,hru07           ,619.,.00,18.6,.00
30,6,1999,8,8,hru08           ,615.,.228E+04,18.1,.292E+08
30,6,1999,9,9,hru09           ,.143E+04,.105E+04,41.9,.721E+08
30,6,1999,10,10,hru10           ,3.58,.00,.107,.307
30,6,1999,11,11,hru11           ,9.78,.00,.283,.839
30,6,1999,12,12,hru12           ,2.12,.00,.631E-01,.182
30,6,1999,13,13,hru13           ,.394E+04,.00,117.,359.
31,7,1999,1,1,hru01           ,5.40,.00,.167,.306E+05
31,7,1999,2,2,hru02           ,3.43,.00,.106,.305
31,7,1999,3,3,hru03           ,968.,.00,30.0,.00
31,7,1999,4,4,hru04           ,905.,.00,28.0,.00
31,7,1999,5,5,hru05           ,.209E+04,.00,63.7,.736E+08
31,7,1999,6,6,hru06           ,536.,.00,16.6,50.5
31,7,1999,7,7,hru07           ,619.,.00,19.2,.00
31,7,1999,8,8,hru08           ,615.,.00,18.7,.199E+08
31,7,1999,9,9,hru09           ,.143E+04,.00,43.3,.424E+08
31,7,1999,10,10,hru10           ,3.58,.00,.111,.317
31,7,1999,11,11,hru11           ,9.78,.00,.292,.867
31,7,1999,12,12,hru12           ,2.12,.00,.652E-01,.188
31,7,1999,13,13,hru13           ,.394E+04,.00,121.,371.
31,8,1999,1,1,hru01           ,5.40,.00,.167,.479
31,8,1999,2,2,hru02           ,3.43,.00,.106,.193E+05
31,8,1999,3,3,hru03           ,968.,.00,30.0,.00
31,8,1999,4,4,hru04           ,905.,.00,28.0,.00
31,8,1999,5,5,hru05           ,.209E+04,.00,63.7,.118E+08
31,8,1999,6,6,hru06           ,536.,.00,16.6,50.5
31,8,1999,7,7,hru07           ,619.,.00,19.2,.325E+07
31,8,1999,8,8,hru08           ,615.,.00,18.7,.345E+07
31,8,1999,9,9,hru09           ,.143E+04,.00,43.3,.733E+07
31,8,1999,10,10,hru10           ,3.58,.00,.111,.317
31,8,1999,11,11,hru11           ,9.78,.00,.292,.867
31,8,1999,12,12,hru12           ,2.12,.00,.652E-01,.188
31,8,1999,13,13,hru13           ,.394E+04,.00,121.,371.
30,9,1999,1,1,hru01           ,5.40,.00,.162,.214E+05
30,9,1999,2,2,hru02           ,3.43,.00,.103,.181E+05
30,9,1999,3,3,hru03           ,968.,.00,29.0,.349E+07
30,9,1999,4,4,hru04           ,905.,.00,27.1,.623E+07
30,9,1999,5,5,hru05           ,.209E+04,.00,61.6,.912E+07
30,9,1999,6,6,hru06           ,536.,.00,16.0,48.2
30,9,1999,7,7,hru07           ,619.,.00,18.6,.223E+07
30,9,1999,8,8,hru08           ,615.,.00,18.1,.268E+07
30,9,1999,9,9,hru09           ,.143E+04,.00,41.9,.460E+07
30,9,1999,10,10,hru10           ,3.58,.00,.107,.159E+05
30,9,1999,11,11,hru11           ,9.78,.00,.283,.435E+05
30,9,1999,12,12,hru12           ,2.12,.00,.631E-01,.943E+04
30,9,1999,13,13,hru13           ,.394E+04,.00,117.,357.
31,10,1999,1,1,hru01           ,5.40,.00,.167,.214E+06
31,10,1999,2,2,hru02           ,3.43,.00,.106,.126E+06
31,10,1999,3,3,hru03           ,968.,.00,30.0,.394E+08
31,10,1999,4,4,hru04           ,905.,.00,28.0,.320E+08
31,10,1999,5,5,hru05           ,.209E+04,.00,63.7,.548E+08
31,10,1999,6,6,hru06           ,536.,.00,16.6,.116E+08
31,10,1999,7,7,hru07           ,619.,.00,19.2,.274E+08
31,10,1999,8,8,hru08           ,615.,.00,18.7,.161E+08
31,10,1999,9,9,hru09           ,.143E+04,.00,43.3,.376E+08
31,10,1999,10,10,hru10           ,3.58,.00,.111,.118E+06
31,10,1999,11,11,hru11           ,9.78,.00,.292,.321E+06
31,10,1999,12,12,hru12           ,2.12,.00,.652E-01,.696E+05
31,10,1999,13,13,hru13           ,.394E+04,.00,121.,.130E+09
30,11,1999,1,1,hru01           ,5.40,.00,.177E+04,.517E+06
30,11,1999,2,2,hru02           ,3.43,.00,.103,.352E+06
30,11,1999,3,3,hru03           ,968.,.00,29.0,.862E+08
30,11,1999,4,4,hru04           ,905.,.00,27.1,.764E+08
30,11,1999,5,5,hru05           ,.209E+04,.364E+06,61.6,.147E+09
30,11,1999,6,6,hru06           ,536.,.169E+06,16.0,.325E+08
30,11,1999,7,7,hru07           ,619.,.651E+04,.788E+05,.654E+08
30,11,1999,8,8,hru08           ,615.,.120E+06,18.1,.431E+08
30,11,1999,9,9,hru09           ,.143E+04,.00,41.9,.101E+09
30,11,1999,10,10,hru10           ,3.58,43.8,.107,.381E+06
30,11,1999,11,11,hru11           ,9.78,.00,.283,.103E+07
30,11,1999,12,12,hru12           ,2.12,50.0,.631E-01,.227E+06
30,11,1999,13,13,hru13           ,.394E+04,.101E+07,117.,.439E+09
31,12,1999,1,1,hru01           ,5.40,26.6,.870E+04,.442E+06
31,12,1999,2,2,hru02           ,3.43,146.,620.,.340E+06
31,12,1999,3,3,hru03           ,968.,.884E+05,.220E+06,.116E+09
31,12,1999,4,4,hru04           ,905.,.325E+05,.209E+07,.102E+09
31,12,1999,5,5,hru05           ,.209E+04,.931E+06,63.7,.192E+09
31,12,1999,6,6,hru06           ,536.,.104E+07,16.6,.488E+08
31,12,1999,7,7,hru07           ,619.,.227E+05,.349E+06,.852E+08
31,12,1999,8,8,hru08           ,615.,.306E+06,18.7,.562E+08
31,12,1999,9,9,hru09           ,.143E+04,.669E+06,43.3,.125E+09
31,12,1999,10,10,hru10           ,3.58,6.12,.111,.275E+06
31,12,1999,11,11,hru11           ,9.78,.00,.292,.759E+06
31,12,1999,12,12,hru12           ,2.12,6.75,.652E-01,.162E+06
31,12,1999,13,13,hru13           ,.394E+04,.471E+06,121.,.320E+09
